weapon,category,rarityName,rangeName,distance,damage,criticalDamage,fireRate,dps,magazine,reload,reloadEmpty,fullDamageRange,range,falloff,projectileSpeed,hitRadius,hipSpread,adsSpread,recoilVertical,recoilHorizontal,bodyDamage,headDamage,bodyHitRate,criticalHitRate,bodyTtk100,headTtk100,bodyTtk200,headTtk200,estimatedBodyTtk100,estimatedHeadTtk100,estimatedBodyTtk200,estimatedHeadTtk200,purpose,weakness
"Sprinter","Assault rifle","Common","Point blank","2","24","42","6.6667","160","30","2.15","2.45","32","240","[[0,1],[32,1],[70,0.8],[140,0.55],[240,0.4]]","N/A","0","0.03","0.0055","0.009","0.002","24","42","1","1","0.6","0.3","1.2","0.6","0.6","0.3","1.2","0.6","Mobile medium-range all-rounder","Bloom and recoil limit distant sustained fire"
"Sprinter","Assault rifle","Common","Close","12","24","42","6.6667","160","30","2.15","2.45","32","240","[[0,1],[32,1],[70,0.8],[140,0.55],[240,0.4]]","N/A","0","0.03","0.0055","0.009","0.002","24","42","1","0.9688","0.6","0.3","1.2","0.6","0.6","0.3","1.2","0.6","Mobile medium-range all-rounder","Bloom and recoil limit distant sustained fire"
"Sprinter","Assault rifle","Common","Medium","40","24","42","6.6667","153.2632","30","2.15","2.45","32","240","[[0,1],[32,1],[70,0.8],[140,0.55],[240,0.4]]","N/A","0","0.03","0.0055","0.009","0.002","22.9895","40.2316","0.5885","0.0833","0.6","0.3","1.2","0.6","0.9","1.65","1.95","3.3","Mobile medium-range all-rounder","Bloom and recoil limit distant sustained fire"
"Sprinter","Assault rifle","Common","Long","100","24","42","6.6667","110.8571","30","2.15","2.45","32","240","[[0,1],[32,1],[70,0.8],[140,0.55],[240,0.4]]","N/A","0","0.03","0.0055","0.009","0.002","16.6286","29.1","0.1667","0.0104","0.9","0.45","1.8","0.9","6.9667","9.0667","14.0833","20.45","Mobile medium-range all-rounder","Bloom and recoil limit distant sustained fire"
"Sprinter","Assault rifle","Common","Maximum","239","24","42","6.6667","64.24","30","2.15","2.45","32","240","[[0,1],[32,1],[70,0.8],[140,0.55],[240,0.4]]","N/A","0","0.03","0.0055","0.009","0.002","9.636","16.863","0.0156","0.0104","1.5","0.75","3","1.65","N/A","58.2833","N/A","N/A","Mobile medium-range all-rounder","Bloom and recoil limit distant sustained fire"
"Sprinter","Assault rifle","Uncommon","Point blank","2","24.6","43.05","6.6667","164","30","2.1069999999999998","2.4010000000000002","32","240","[[0,1],[32,1],[70,0.8],[140,0.55],[240,0.4]]","N/A","0","0.03","0.0055","0.009","0.002","24.6","43.05","1","1","0.6","0.3","1.2","0.6","0.6","0.3","1.2","0.6","Mobile medium-range all-rounder","Bloom and recoil limit distant sustained fire"
"Sprinter","Assault rifle","Uncommon","Close","12","24.6","43.05","6.6667","164","30","2.1069999999999998","2.4010000000000002","32","240","[[0,1],[32,1],[70,0.8],[140,0.55],[240,0.4]]","N/A","0","0.03","0.0055","0.009","0.002","24.6","43.05","1","0.9688","0.6","0.3","1.2","0.6","0.6","0.3","1.2","0.6","Mobile medium-range all-rounder","Bloom and recoil limit distant sustained fire"
"Sprinter","Assault rifle","Uncommon","Medium","40","24.6","43.05","6.6667","157.0947","30","2.1069999999999998","2.4010000000000002","32","240","[[0,1],[32,1],[70,0.8],[140,0.55],[240,0.4]]","N/A","0","0.03","0.0055","0.009","0.002","23.5642","41.2374","0.5885","0.0833","0.6","0.3","1.2","0.6","0.9","1.65","1.95","3.3","Mobile medium-range all-rounder","Bloom and recoil limit distant sustained fire"
"Sprinter","Assault rifle","Uncommon","Long","100","24.6","43.05","6.6667","113.6286","30","2.1069999999999998","2.4010000000000002","32","240","[[0,1],[32,1],[70,0.8],[140,0.55],[240,0.4]]","N/A","0","0.03","0.0055","0.009","0.002","17.0443","29.8275","0.1667","0.0104","0.75","0.45","1.65","0.9","6.7833","8.8833","13.7167","17.7667","Mobile medium-range all-rounder","Bloom and recoil limit distant sustained fire"
"Sprinter","Assault rifle","Uncommon","Maximum","239","24.6","43.05","6.6667","65.846","30","2.1069999999999998","2.4010000000000002","32","240","[[0,1],[32,1],[70,0.8],[140,0.55],[240,0.4]]","N/A","0","0.03","0.0055","0.009","0.002","9.8769","17.2846","0.0156","0.0104","1.5","0.75","3","1.65","N/A","57.1167","N/A","N/A","Mobile medium-range all-rounder","Bloom and recoil limit distant sustained fire"
"Sprinter","Assault rifle","Rare","Point blank","2","25.2","44.1","6.6667","168","30","2.064","2.352","32","240","[[0,1],[32,1],[70,0.8],[140,0.55],[240,0.4]]","N/A","0","0.03","0.0055","0.009","0.002","25.2","44.1","1","1","0.45","0.3","1.05","0.6","0.45","0.3","1.05","0.6","Mobile medium-range all-rounder","Bloom and recoil limit distant sustained fire"
"Sprinter","Assault rifle","Rare","Close","12","25.2","44.1","6.6667","168","30","2.064","2.352","32","240","[[0,1],[32,1],[70,0.8],[140,0.55],[240,0.4]]","N/A","0","0.03","0.0055","0.009","0.002","25.2","44.1","1","0.9688","0.45","0.3","1.05","0.6","0.45","0.3","1.05","0.6","Mobile medium-range all-rounder","Bloom and recoil limit distant sustained fire"
"Sprinter","Assault rifle","Rare","Medium","40","25.2","44.1","6.6667","160.9263","30","2.064","2.352","32","240","[[0,1],[32,1],[70,0.8],[140,0.55],[240,0.4]]","N/A","0","0.03","0.0055","0.009","0.002","24.1389","42.2432","0.5885","0.0833","0.6","0.3","1.2","0.6","0.9","1.5","1.8","3.15","Mobile medium-range all-rounder","Bloom and recoil limit distant sustained fire"
"Sprinter","Assault rifle","Rare","Long","100","25.2","44.1","6.6667","116.4","30","2.064","2.352","32","240","[[0,1],[32,1],[70,0.8],[140,0.55],[240,0.4]]","N/A","0","0.03","0.0055","0.009","0.002","17.46","30.555","0.1667","0.0104","0.75","0.45","1.65","0.9","6.7333","8.6833","13.4667","17.3667","Mobile medium-range all-rounder","Bloom and recoil limit distant sustained fire"
"Sprinter","Assault rifle","Rare","Maximum","239","25.2","44.1","6.6667","67.452","30","2.064","2.352","32","240","[[0,1],[32,1],[70,0.8],[140,0.55],[240,0.4]]","N/A","0","0.03","0.0055","0.009","0.002","10.1178","17.7062","0.0156","0.0104","1.35","0.75","2.85","1.65","N/A","55.8167","N/A","N/A","Mobile medium-range all-rounder","Bloom and recoil limit distant sustained fire"
"Sprinter","Assault rifle","Epic","Point blank","2","25.8","45.15","6.6667","172","30","2.021","2.303","32","240","[[0,1],[32,1],[70,0.8],[140,0.55],[240,0.4]]","N/A","0","0.03","0.0055","0.009","0.002","25.8","45.15","1","1","0.45","0.3","1.05","0.6","0.45","0.3","1.05","0.6","Mobile medium-range all-rounder","Bloom and recoil limit distant sustained fire"
"Sprinter","Assault rifle","Epic","Close","12","25.8","45.15","6.6667","172","30","2.021","2.303","32","240","[[0,1],[32,1],[70,0.8],[140,0.55],[240,0.4]]","N/A","0","0.03","0.0055","0.009","0.002","25.8","45.15","1","0.9688","0.45","0.3","1.05","0.6","0.45","0.3","1.05","0.6","Mobile medium-range all-rounder","Bloom and recoil limit distant sustained fire"
"Sprinter","Assault rifle","Epic","Medium","40","25.8","45.15","6.6667","164.7579","30","2.021","2.303","32","240","[[0,1],[32,1],[70,0.8],[140,0.55],[240,0.4]]","N/A","0","0.03","0.0055","0.009","0.002","24.7137","43.2489","0.5885","0.0833","0.6","0.3","1.2","0.6","0.9","1.5","1.8","3","Mobile medium-range all-rounder","Bloom and recoil limit distant sustained fire"
"Sprinter","Assault rifle","Epic","Long","100","25.8","45.15","6.6667","119.1714","30","2.021","2.303","32","240","[[0,1],[32,1],[70,0.8],[140,0.55],[240,0.4]]","N/A","0","0.03","0.0055","0.009","0.002","17.8757","31.2825","0.1667","0.0104","0.75","0.45","1.65","0.9","4.35","8.4833","10.8833","16.9667","Mobile medium-range all-rounder","Bloom and recoil limit distant sustained fire"
"Sprinter","Assault rifle","Epic","Maximum","239","25.8","45.15","6.6667","69.058","30","2.021","2.303","32","240","[[0,1],[32,1],[70,0.8],[140,0.55],[240,0.4]]","N/A","0","0.03","0.0055","0.009","0.002","10.3587","18.1277","0.0156","0.0104","1.35","0.75","2.85","1.65","N/A","54.5167","N/A","N/A","Mobile medium-range all-rounder","Bloom and recoil limit distant sustained fire"
"Sprinter","Assault rifle","Legendary","Point blank","2","26.4","46.2","6.6667","176","30","1.978","2.2540000000000004","32","240","[[0,1],[32,1],[70,0.8],[140,0.55],[240,0.4]]","N/A","0","0.03","0.0055","0.009","0.002","26.4","46.2","1","1","0.45","0.3","1.05","0.6","0.45","0.3","1.05","0.6","Mobile medium-range all-rounder","Bloom and recoil limit distant sustained fire"
"Sprinter","Assault rifle","Legendary","Close","12","26.4","46.2","6.6667","176","30","1.978","2.2540000000000004","32","240","[[0,1],[32,1],[70,0.8],[140,0.55],[240,0.4]]","N/A","0","0.03","0.0055","0.009","0.002","26.4","46.2","1","0.9688","0.45","0.3","1.05","0.6","0.45","0.3","1.05","0.6","Mobile medium-range all-rounder","Bloom and recoil limit distant sustained fire"
"Sprinter","Assault rifle","Legendary","Medium","40","26.4","46.2","6.6667","168.5895","30","1.978","2.2540000000000004","32","240","[[0,1],[32,1],[70,0.8],[140,0.55],[240,0.4]]","N/A","0","0.03","0.0055","0.009","0.002","25.2884","44.2547","0.5885","0.0833","0.45","0.3","1.05","0.6","0.9","1.5","1.8","3","Mobile medium-range all-rounder","Bloom and recoil limit distant sustained fire"
"Sprinter","Assault rifle","Legendary","Long","100","26.4","46.2","6.6667","121.9429","30","1.978","2.2540000000000004","32","240","[[0,1],[32,1],[70,0.8],[140,0.55],[240,0.4]]","N/A","0","0.03","0.0055","0.009","0.002","18.2914","32.01","0.1667","0.0104","0.75","0.45","1.5","0.9","4.2","8.2833","10.6833","16.5667","Mobile medium-range all-rounder","Bloom and recoil limit distant sustained fire"
"Sprinter","Assault rifle","Legendary","Maximum","239","26.4","46.2","6.6667","70.664","30","1.978","2.2540000000000004","32","240","[[0,1],[32,1],[70,0.8],[140,0.55],[240,0.4]]","N/A","0","0.03","0.0055","0.009","0.002","10.5996","18.5493","0.0156","0.0104","1.35","0.75","2.7","1.5","N/A","53.2167","N/A","N/A","Mobile medium-range all-rounder","Bloom and recoil limit distant sustained fire"
"Scatter","Pump shotgun","Common","Point blank","2","96","144","1","96","5","2.8","3.1","7","50","[[0,1],[7,1],[18,0.4],[35,0.03],[50,0]]","N/A","0","0.118","0.09","0.022","0.0018","96","144","1","1","1","0","2","1","1","0","2","1","Deliberate close-range burst and cover peeks","Slow follow-ups and steep range loss"
"Scatter","Pump shotgun","Common","Close","12","96","144","1","69.8182","5","2.8","3.1","7","50","[[0,1],[7,1],[18,0.4],[35,0.03],[50,0]]","N/A","0","0.118","0.09","0.022","0.0018","69.8182","104.7273","0.6","0.1","1","0","2","1","2","3","4","8.1167","Deliberate close-range burst and cover peeks","Slow follow-ups and steep range loss"
"Scatter","Pump shotgun","Common","Medium","40","96","144","1","1.92","5","2.8","3.1","7","50","[[0,1],[7,1],[18,0.4],[35,0.03],[50,0]]","N/A","0","0.118","0.09","0.022","0.0018","1.92","2.88","0.2","0.1","73.1667","46.7","N/A","N/A","N/A","N/A","N/A","N/A","Deliberate close-range burst and cover peeks","Slow follow-ups and steep range loss"
"Scatter","Pump shotgun","Common","Long","100","96","144","1","0","5","2.8","3.1","7","50","[[0,1],[7,1],[18,0.4],[35,0.03],[50,0]]","N/A","0","0.118","0.09","0.022","0.0018","0","0","0","0","N/A","N/A","N/A","N/A","N/A","N/A","N/A","N/A","Deliberate close-range burst and cover peeks","Slow follow-ups and steep range loss"
"Scatter","Pump shotgun","Common","Maximum","49","96","144","1","0.192","5","2.8","3.1","7","50","[[0,1],[7,1],[18,0.4],[35,0.03],[50,0]]","N/A","0","0.118","0.09","0.022","0.0018","0.192","0.288","0.2","0.1","N/A","N/A","N/A","N/A","N/A","N/A","N/A","N/A","Deliberate close-range burst and cover peeks","Slow follow-ups and steep range loss"
"Scatter","Pump shotgun","Uncommon","Point blank","2","98.4","147.6","1","98.4","5","2.7439999999999998","3.038","7","50","[[0,1],[7,1],[18,0.4],[35,0.03],[50,0]]","N/A","0","0.118","0.09","0.022","0.0018","98.4","147.6","1","1","1","0","2","1","1","0","2","1","Deliberate close-range burst and cover peeks","Slow follow-ups and steep range loss"
"Scatter","Pump shotgun","Uncommon","Close","12","98.4","147.6","1","71.5636","5","2.7439999999999998","3.038","7","50","[[0,1],[7,1],[18,0.4],[35,0.03],[50,0]]","N/A","0","0.118","0.09","0.022","0.0018","71.5636","107.3455","0.6","0.1","1","0","2","1","2","3","4","8.0667","Deliberate close-range burst and cover peeks","Slow follow-ups and steep range loss"
"Scatter","Pump shotgun","Uncommon","Medium","40","98.4","147.6","1","1.968","5","2.7439999999999998","3.038","7","50","[[0,1],[7,1],[18,0.4],[35,0.03],[50,0]]","N/A","0","0.118","0.09","0.022","0.0018","1.968","2.952","0.2","0.1","70.6667","45.4","N/A","N/A","N/A","N/A","N/A","N/A","Deliberate close-range burst and cover peeks","Slow follow-ups and steep range loss"
"Scatter","Pump shotgun","Uncommon","Long","100","98.4","147.6","1","0","5","2.7439999999999998","3.038","7","50","[[0,1],[7,1],[18,0.4],[35,0.03],[50,0]]","N/A","0","0.118","0.09","0.022","0.0018","0","0","0","0","N/A","N/A","N/A","N/A","N/A","N/A","N/A","N/A","Deliberate close-range burst and cover peeks","Slow follow-ups and steep range loss"
"Scatter","Pump shotgun","Uncommon","Maximum","49","98.4","147.6","1","0.1968","5","2.7439999999999998","3.038","7","50","[[0,1],[7,1],[18,0.4],[35,0.03],[50,0]]","N/A","0","0.118","0.09","0.022","0.0018","0.1968","0.2952","0.2","0.1","N/A","N/A","N/A","N/A","N/A","N/A","N/A","N/A","Deliberate close-range burst and cover peeks","Slow follow-ups and steep range loss"
"Scatter","Pump shotgun","Rare","Point blank","2","100.8","151.2","1","100.8","5","2.6879999999999997","2.976","7","50","[[0,1],[7,1],[18,0.4],[35,0.03],[50,0]]","N/A","0","0.118","0.09","0.022","0.0018","100.8","151.2","1","1","0","0","1","1","0","0","1","1","Deliberate close-range burst and cover peeks","Slow follow-ups and steep range loss"
"Scatter","Pump shotgun","Rare","Close","12","100.8","151.2","1","73.3091","5","2.6879999999999997","2.976","7","50","[[0,1],[7,1],[18,0.4],[35,0.03],[50,0]]","N/A","0","0.118","0.09","0.022","0.0018","73.3091","109.9636","0.6","0.1","1","0","2","1","2","3","4","8","Deliberate close-range burst and cover peeks","Slow follow-ups and steep range loss"
"Scatter","Pump shotgun","Rare","Medium","40","100.8","151.2","1","2.016","5","2.6879999999999997","2.976","7","50","[[0,1],[7,1],[18,0.4],[35,0.03],[50,0]]","N/A","0","0.118","0.09","0.022","0.0018","2.016","3.024","0.2","0.1","67","45","N/A","N/A","N/A","N/A","N/A","N/A","Deliberate close-range burst and cover peeks","Slow follow-ups and steep range loss"
"Scatter","Pump shotgun","Rare","Long","100","100.8","151.2","1","0","5","2.6879999999999997","2.976","7","50","[[0,1],[7,1],[18,0.4],[35,0.03],[50,0]]","N/A","0","0.118","0.09","0.022","0.0018","0","0","0","0","N/A","N/A","N/A","N/A","N/A","N/A","N/A","N/A","Deliberate close-range burst and cover peeks","Slow follow-ups and steep range loss"
"Scatter","Pump shotgun","Rare","Maximum","49","100.8","151.2","1","0.2016","5","2.6879999999999997","2.976","7","50","[[0,1],[7,1],[18,0.4],[35,0.03],[50,0]]","N/A","0","0.118","0.09","0.022","0.0018","0.2016","0.3024","0.2","0.1","N/A","N/A","N/A","N/A","N/A","N/A","N/A","N/A","Deliberate close-range burst and cover peeks","Slow follow-ups and steep range loss"
"Scatter","Pump shotgun","Epic","Point blank","2","103.2","154.8","1","103.2","5","2.6319999999999997","2.9139999999999997","7","50","[[0,1],[7,1],[18,0.4],[35,0.03],[50,0]]","N/A","0","0.118","0.09","0.022","0.0018","103.2","154.8","1","1","0","0","1","1","0","0","1","1","Deliberate close-range burst and cover peeks","Slow follow-ups and steep range loss"
"Scatter","Pump shotgun","Epic","Close","12","103.2","154.8","1","75.0545","5","2.6319999999999997","2.9139999999999997","7","50","[[0,1],[7,1],[18,0.4],[35,0.03],[50,0]]","N/A","0","0.118","0.09","0.022","0.0018","75.0545","112.5818","0.6","0.1","1","0","2","1","2","2","4","6.9333","Deliberate close-range burst and cover peeks","Slow follow-ups and steep range loss"
"Scatter","Pump shotgun","Epic","Medium","40","103.2","154.8","1","2.064","5","2.6319999999999997","2.9139999999999997","7","50","[[0,1],[7,1],[18,0.4],[35,0.03],[50,0]]","N/A","0","0.118","0.09","0.022","0.0018","2.064","3.096","0.2","0.1","65.4","43.6","N/A","N/A","N/A","N/A","N/A","N/A","Deliberate close-range burst and cover peeks","Slow follow-ups and steep range loss"
"Scatter","Pump shotgun","Epic","Long","100","103.2","154.8","1","0","5","2.6319999999999997","2.9139999999999997","7","50","[[0,1],[7,1],[18,0.4],[35,0.03],[50,0]]","N/A","0","0.118","0.09","0.022","0.0018","0","0","0","0","N/A","N/A","N/A","N/A","N/A","N/A","N/A","N/A","Deliberate close-range burst and cover peeks","Slow follow-ups and steep range loss"
"Scatter","Pump shotgun","Epic","Maximum","49","103.2","154.8","1","0.2064","5","2.6319999999999997","2.9139999999999997","7","50","[[0,1],[7,1],[18,0.4],[35,0.03],[50,0]]","N/A","0","0.118","0.09","0.022","0.0018","0.2064","0.3096","0.2","0.1","N/A","N/A","N/A","N/A","N/A","N/A","N/A","N/A","Deliberate close-range burst and cover peeks","Slow follow-ups and steep range loss"
"Scatter","Pump shotgun","Legendary","Point blank","2","105.6","158.4","1","105.6","5","2.576","2.8520000000000003","7","50","[[0,1],[7,1],[18,0.4],[35,0.03],[50,0]]","N/A","0","0.118","0.09","0.022","0.0018","105.6","158.4","1","1","0","0","1","1","0","0","1","1","Deliberate close-range burst and cover peeks","Slow follow-ups and steep range loss"
"Scatter","Pump shotgun","Legendary","Close","12","105.6","158.4","1","76.8","5","2.576","2.8520000000000003","7","50","[[0,1],[7,1],[18,0.4],[35,0.03],[50,0]]","N/A","0","0.118","0.09","0.022","0.0018","76.8","115.2","0.6","0.1","1","0","2","1","2","2","4","6.8833","Deliberate close-range burst and cover peeks","Slow follow-ups and steep range loss"
"Scatter","Pump shotgun","Legendary","Medium","40","105.6","158.4","1","2.112","5","2.576","2.8520000000000003","7","50","[[0,1],[7,1],[18,0.4],[35,0.03],[50,0]]","N/A","0","0.118","0.09","0.022","0.0018","2.112","3.168","0.2","0.1","63.95","42.3","N/A","N/A","N/A","N/A","N/A","N/A","Deliberate close-range burst and cover peeks","Slow follow-ups and steep range loss"
"Scatter","Pump shotgun","Legendary","Long","100","105.6","158.4","1","0","5","2.576","2.8520000000000003","7","50","[[0,1],[7,1],[18,0.4],[35,0.03],[50,0]]","N/A","0","0.118","0.09","0.022","0.0018","0","0","0","0","N/A","N/A","N/A","N/A","N/A","N/A","N/A","N/A","Deliberate close-range burst and cover peeks","Slow follow-ups and steep range loss"
"Scatter","Pump shotgun","Legendary","Maximum","49","105.6","158.4","1","0.2112","5","2.576","2.8520000000000003","7","50","[[0,1],[7,1],[18,0.4],[35,0.03],[50,0]]","N/A","0","0.118","0.09","0.022","0.0018","0.2112","0.3168","0.2","0.1","N/A","N/A","N/A","N/A","N/A","N/A","N/A","N/A","Deliberate close-range burst and cover peeks","Slow follow-ups and steep range loss"
"Needle","Bolt-action sniper","Common","Point blank","2","95","204.25","0.5556","52.7778","1","3","3","500","500","[[0,1],[500,1]]","330","0.008","0.16","0","0.03","0.001","95","204.25","1","1","3.0227","0.0061","6.0394","0.0061","3.0227","0.0061","6.0394","0.0061","Earned long-range headshot eliminations","Single round, slow handling, travel and poor airborne/hip accuracy"
"Needle","Bolt-action sniper","Common","Close","12","95","204.25","0.5556","52.7778","1","3","3","500","500","[[0,1],[500,1]]","330","0.008","0.16","0","0.03","0.001","95","204.25","1","1","3.053","0.0364","6.0697","0.0364","3.053","0.0364","6.0697","0.0364","Earned long-range headshot eliminations","Single round, slow handling, travel and poor airborne/hip accuracy"
"Needle","Bolt-action sniper","Common","Medium","40","95","204.25","0.5556","52.7778","1","3","3","500","500","[[0,1],[500,1]]","330","0.008","0.16","0","0.03","0.001","95","204.25","1","1","3.1379","0.1212","6.1545","0.1212","3.1379","0.1212","6.1545","0.1212","Earned long-range headshot eliminations","Single round, slow handling, travel and poor airborne/hip accuracy"
"Needle","Bolt-action sniper","Common","Long","100","95","204.25","0.5556","52.7778","1","3","3","500","500","[[0,1],[500,1]]","330","0.008","0.16","0","0.03","0.001","95","204.25","1","1","3.3197","0.303","6.3364","0.303","3.3197","0.303","6.3364","0.303","Earned long-range headshot eliminations","Single round, slow handling, travel and poor airborne/hip accuracy"
"Needle","Bolt-action sniper","Common","Maximum","499","95","204.25","0.5556","52.7778","1","3","3","500","500","[[0,1],[500,1]]","330","0.008","0.16","0","0.03","0.001","95","204.25","1","1","4.5288","1.5121","7.5455","1.5121","4.5288","1.5121","7.5455","1.5121","Earned long-range headshot eliminations","Single round, slow handling, travel and poor airborne/hip accuracy"
"Needle","Bolt-action sniper","Uncommon","Point blank","2","97.375","209.3562","0.5556","54.0972","1","2.94","2.94","500","500","[[0,1],[500,1]]","330","0.008","0.16","0","0.03","0.001","97.375","209.3562","1","1","2.9727","0.0061","5.9394","0.0061","2.9727","0.0061","5.9394","0.0061","Earned long-range headshot eliminations","Single round, slow handling, travel and poor airborne/hip accuracy"
"Needle","Bolt-action sniper","Uncommon","Close","12","97.375","209.3562","0.5556","54.0972","1","2.94","2.94","500","500","[[0,1],[500,1]]","330","0.008","0.16","0","0.03","0.001","97.375","209.3562","1","1","3.003","0.0364","5.9697","0.0364","3.003","0.0364","5.9697","0.0364","Earned long-range headshot eliminations","Single round, slow handling, travel and poor airborne/hip accuracy"
"Needle","Bolt-action sniper","Uncommon","Medium","40","97.375","209.3562","0.5556","54.0972","1","2.94","2.94","500","500","[[0,1],[500,1]]","330","0.008","0.16","0","0.03","0.001","97.375","209.3562","1","1","3.0879","0.1212","6.0545","0.1212","3.0879","0.1212","6.0545","0.1212","Earned long-range headshot eliminations","Single round, slow handling, travel and poor airborne/hip accuracy"
"Needle","Bolt-action sniper","Uncommon","Long","100","97.375","209.3562","0.5556","54.0972","1","2.94","2.94","500","500","[[0,1],[500,1]]","330","0.008","0.16","0","0.03","0.001","97.375","209.3562","1","1","3.2697","0.303","6.2364","0.303","3.2697","0.303","6.2364","0.303","Earned long-range headshot eliminations","Single round, slow handling, travel and poor airborne/hip accuracy"
"Needle","Bolt-action sniper","Uncommon","Maximum","499","97.375","209.3562","0.5556","54.0972","1","2.94","2.94","500","500","[[0,1],[500,1]]","330","0.008","0.16","0","0.03","0.001","97.375","209.3562","1","1","4.4788","1.5121","7.4455","1.5121","4.4788","1.5121","7.4455","1.5121","Earned long-range headshot eliminations","Single round, slow handling, travel and poor airborne/hip accuracy"
"Needle","Bolt-action sniper","Rare","Point blank","2","99.75","214.4625","0.5556","55.4167","1","2.88","2.88","500","500","[[0,1],[500,1]]","330","0.008","0.16","0","0.03","0.001","99.75","214.4625","1","1","2.9061","0.0061","5.8061","0.0061","2.9061","0.0061","5.8061","0.0061","Earned long-range headshot eliminations","Single round, slow handling, travel and poor airborne/hip accuracy"
"Needle","Bolt-action sniper","Rare","Close","12","99.75","214.4625","0.5556","55.4167","1","2.88","2.88","500","500","[[0,1],[500,1]]","330","0.008","0.16","0","0.03","0.001","99.75","214.4625","1","1","2.9364","0.0364","5.8364","0.0364","2.9364","0.0364","5.8364","0.0364","Earned long-range headshot eliminations","Single round, slow handling, travel and poor airborne/hip accuracy"
"Needle","Bolt-action sniper","Rare","Medium","40","99.75","214.4625","0.5556","55.4167","1","2.88","2.88","500","500","[[0,1],[500,1]]","330","0.008","0.16","0","0.03","0.001","99.75","214.4625","1","1","3.0212","0.1212","5.9212","0.1212","3.0212","0.1212","5.9212","0.1212","Earned long-range headshot eliminations","Single round, slow handling, travel and poor airborne/hip accuracy"
"Needle","Bolt-action sniper","Rare","Long","100","99.75","214.4625","0.5556","55.4167","1","2.88","2.88","500","500","[[0,1],[500,1]]","330","0.008","0.16","0","0.03","0.001","99.75","214.4625","1","1","3.203","0.303","6.103","0.303","3.203","0.303","6.103","0.303","Earned long-range headshot eliminations","Single round, slow handling, travel and poor airborne/hip accuracy"
"Needle","Bolt-action sniper","Rare","Maximum","499","99.75","214.4625","0.5556","55.4167","1","2.88","2.88","500","500","[[0,1],[500,1]]","330","0.008","0.16","0","0.03","0.001","99.75","214.4625","1","1","4.4121","1.5121","7.3121","1.5121","4.4121","1.5121","7.3121","1.5121","Earned long-range headshot eliminations","Single round, slow handling, travel and poor airborne/hip accuracy"
"Needle","Bolt-action sniper","Epic","Point blank","2","102.125","219.5688","0.5556","56.7361","1","2.82","2.82","500","500","[[0,1],[500,1]]","330","0.008","0.16","0","0.03","0.001","102.125","219.5688","1","1","0.0061","0.0061","2.8561","0.0061","0.0061","0.0061","2.8561","0.0061","Earned long-range headshot eliminations","Single round, slow handling, travel and poor airborne/hip accuracy"
"Needle","Bolt-action sniper","Epic","Close","12","102.125","219.5688","0.5556","56.7361","1","2.82","2.82","500","500","[[0,1],[500,1]]","330","0.008","0.16","0","0.03","0.001","102.125","219.5688","1","1","0.0364","0.0364","2.8864","0.0364","0.0364","0.0364","2.8864","0.0364","Earned long-range headshot eliminations","Single round, slow handling, travel and poor airborne/hip accuracy"
"Needle","Bolt-action sniper","Epic","Medium","40","102.125","219.5688","0.5556","56.7361","1","2.82","2.82","500","500","[[0,1],[500,1]]","330","0.008","0.16","0","0.03","0.001","102.125","219.5688","1","1","0.1212","0.1212","2.9712","0.1212","0.1212","0.1212","2.9712","0.1212","Earned long-range headshot eliminations","Single round, slow handling, travel and poor airborne/hip accuracy"
"Needle","Bolt-action sniper","Epic","Long","100","102.125","219.5688","0.5556","56.7361","1","2.82","2.82","500","500","[[0,1],[500,1]]","330","0.008","0.16","0","0.03","0.001","102.125","219.5688","1","1","0.303","0.303","3.153","0.303","0.303","0.303","3.153","0.303","Earned long-range headshot eliminations","Single round, slow handling, travel and poor airborne/hip accuracy"
"Needle","Bolt-action sniper","Epic","Maximum","499","102.125","219.5688","0.5556","56.7361","1","2.82","2.82","500","500","[[0,1],[500,1]]","330","0.008","0.16","0","0.03","0.001","102.125","219.5688","1","1","1.5121","1.5121","4.3621","1.5121","1.5121","1.5121","4.3621","1.5121","Earned long-range headshot eliminations","Single round, slow handling, travel and poor airborne/hip accuracy"
"Needle","Bolt-action sniper","Legendary","Point blank","2","104.5","224.675","0.5556","58.0556","1","2.7600000000000002","2.7600000000000002","500","500","[[0,1],[500,1]]","330","0.008","0.16","0","0.03","0.001","104.5","224.675","1","1","0.0061","0.0061","2.7894","0.0061","0.0061","0.0061","2.7894","0.0061","Earned long-range headshot eliminations","Single round, slow handling, travel and poor airborne/hip accuracy"
"Needle","Bolt-action sniper","Legendary","Close","12","104.5","224.675","0.5556","58.0556","1","2.7600000000000002","2.7600000000000002","500","500","[[0,1],[500,1]]","330","0.008","0.16","0","0.03","0.001","104.5","224.675","1","1","0.0364","0.0364","2.8197","0.0364","0.0364","0.0364","2.8197","0.0364","Earned long-range headshot eliminations","Single round, slow handling, travel and poor airborne/hip accuracy"
"Needle","Bolt-action sniper","Legendary","Medium","40","104.5","224.675","0.5556","58.0556","1","2.7600000000000002","2.7600000000000002","500","500","[[0,1],[500,1]]","330","0.008","0.16","0","0.03","0.001","104.5","224.675","1","1","0.1212","0.1212","2.9045","0.1212","0.1212","0.1212","2.9045","0.1212","Earned long-range headshot eliminations","Single round, slow handling, travel and poor airborne/hip accuracy"
"Needle","Bolt-action sniper","Legendary","Long","100","104.5","224.675","0.5556","58.0556","1","2.7600000000000002","2.7600000000000002","500","500","[[0,1],[500,1]]","330","0.008","0.16","0","0.03","0.001","104.5","224.675","1","1","0.303","0.303","3.0864","0.303","0.303","0.303","3.0864","0.303","Earned long-range headshot eliminations","Single round, slow handling, travel and poor airborne/hip accuracy"
"Needle","Bolt-action sniper","Legendary","Maximum","499","104.5","224.675","0.5556","58.0556","1","2.7600000000000002","2.7600000000000002","500","500","[[0,1],[500,1]]","330","0.008","0.16","0","0.03","0.001","104.5","224.675","1","1","1.5121","1.5121","4.2955","1.5121","1.5121","1.5121","4.2955","1.5121","Earned long-range headshot eliminations","Single round, slow handling, travel and poor airborne/hip accuracy"
"Zipper","SMG","Common","Point blank","2","16","24","12","192","36","2.2","2.55","12","140","[[0,1],[12,1],[30,0.55],[65,0.24],[140,0.1]]","N/A","0","0.038","0.018","0.004","0.0036","16","24","1","1","0.5","0.3333","1","0.6667","0.5","0.3333","1","0.6667","Close-range tracking and mobile pressure","Rapid ammo use, horizontal recoil and severe falloff"
"Zipper","SMG","Common","Close","12","16","24","12","192","36","2.2","2.55","12","140","[[0,1],[12,1],[30,0.55],[65,0.24],[140,0.1]]","N/A","0","0.038","0.018","0.004","0.0036","16","24","0.9896","0.4271","0.5","0.3333","1","0.6667","0.5","0.6667","1","1.3333","Close-range tracking and mobile pressure","Rapid ammo use, horizontal recoil and severe falloff"
"Zipper","SMG","Common","Medium","40","16","24","12","88.5943","36","2.2","2.55","12","140","[[0,1],[12,1],[30,0.55],[65,0.24],[140,0.1]]","N/A","0","0.038","0.018","0.004","0.0036","7.3829","11.0743","0.3438","0.026","1.0833","0.75","2.25","1.5","5.4833","7.8167","11.05","18.1167","Close-range tracking and mobile pressure","Rapid ammo use, horizontal recoil and severe falloff"
"Zipper","SMG","Common","Long","100","16","24","12","33.536","36","2.2","2.55","12","140","[[0,1],[12,1],[30,0.55],[65,0.24],[140,0.1]]","N/A","0","0.038","0.018","0.004","0.0036","2.7947","4.192","0.0469","0.0052","2.9167","1.9167","8.4","6.4","N/A","N/A","N/A","N/A","Close-range tracking and mobile pressure","Rapid ammo use, horizontal recoil and severe falloff"
"Zipper","SMG","Common","Maximum","139","16","24","12","19.5584","36","2.2","2.55","12","140","[[0,1],[12,1],[30,0.55],[65,0.24],[140,0.1]]","N/A","0","0.038","0.018","0.004","0.0036","1.6299","2.4448","0.0156","0.0052","7.5667","5.8167","17.6167","11.7167","N/A","N/A","N/A","N/A","Close-range tracking and mobile pressure","Rapid ammo use, horizontal recoil and severe falloff"
"Zipper","SMG","Uncommon","Point blank","2","16.4","24.6","12","196.8","36","2.156","2.4989999999999997","12","140","[[0,1],[12,1],[30,0.55],[65,0.24],[140,0.1]]","N/A","0","0.038","0.018","0.004","0.0036","16.4","24.6","1","1","0.5","0.3333","1","0.6667","0.5","0.3333","1","0.6667","Close-range tracking and mobile pressure","Rapid ammo use, horizontal recoil and severe falloff"
"Zipper","SMG","Uncommon","Close","12","16.4","24.6","12","196.8","36","2.156","2.4989999999999997","12","140","[[0,1],[12,1],[30,0.55],[65,0.24],[140,0.1]]","N/A","0","0.038","0.018","0.004","0.0036","16.4","24.6","0.9896","0.4271","0.5","0.3333","1","0.6667","0.5","0.6667","1","1.3333","Close-range tracking and mobile pressure","Rapid ammo use, horizontal recoil and severe falloff"
"Zipper","SMG","Uncommon","Medium","40","16.4","24.6","12","90.8091","36","2.156","2.4989999999999997","12","140","[[0,1],[12,1],[30,0.55],[65,0.24],[140,0.1]]","N/A","0","0.038","0.018","0.004","0.0036","7.5674","11.3511","0.3438","0.026","1.0833","0.6667","2.1667","1.4167","2.9167","7.6","8.35","17.7167","Close-range tracking and mobile pressure","Rapid ammo use, horizontal recoil and severe falloff"
"Zipper","SMG","Uncommon","Long","100","16.4","24.6","12","34.3744","36","2.156","2.4989999999999997","12","140","[[0,1],[12,1],[30,0.55],[65,0.24],[140,0.1]]","N/A","0","0.038","0.018","0.004","0.0036","2.8645","4.2968","0.0469","0.0052","2.8333","1.9167","8.1833","6.2667","N/A","N/A","N/A","N/A","Close-range tracking and mobile pressure","Rapid ammo use, horizontal recoil and severe falloff"
"Zipper","SMG","Uncommon","Maximum","139","16.4","24.6","12","20.0474","36","2.156","2.4989999999999997","12","140","[[0,1],[12,1],[30,0.55],[65,0.24],[140,0.1]]","N/A","0","0.038","0.018","0.004","0.0036","1.6706","2.5059","0.0156","0.0052","7.35","5.6833","17.2167","11.45","N/A","N/A","N/A","N/A","Close-range tracking and mobile pressure","Rapid ammo use, horizontal recoil and severe falloff"
"Zipper","SMG","Rare","Point blank","2","16.8","25.2","12","201.6","36","2.112","2.448","12","140","[[0,1],[12,1],[30,0.55],[65,0.24],[140,0.1]]","N/A","0","0.038","0.018","0.004","0.0036","16.8","25.2","1","1","0.4167","0.25","0.9167","0.5833","0.4167","0.25","0.9167","0.5833","Close-range tracking and mobile pressure","Rapid ammo use, horizontal recoil and severe falloff"
"Zipper","SMG","Rare","Close","12","16.8","25.2","12","201.6","36","2.112","2.448","12","140","[[0,1],[12,1],[30,0.55],[65,0.24],[140,0.1]]","N/A","0","0.038","0.018","0.004","0.0036","16.8","25.2","0.9896","0.4271","0.4167","0.25","0.9167","0.5833","0.5","0.6667","1","1.3333","Close-range tracking and mobile pressure","Rapid ammo use, horizontal recoil and severe falloff"
"Zipper","SMG","Rare","Medium","40","16.8","25.2","12","93.024","36","2.112","2.448","12","140","[[0,1],[12,1],[30,0.55],[65,0.24],[140,0.1]]","N/A","0","0.038","0.018","0.004","0.0036","7.752","11.628","0.3438","0.026","1","0.6667","2.0833","1.4167","2.8333","7.4667","8.1333","17.3167","Close-range tracking and mobile pressure","Rapid ammo use, horizontal recoil and severe falloff"
"Zipper","SMG","Rare","Long","100","16.8","25.2","12","35.2128","36","2.112","2.448","12","140","[[0,1],[12,1],[30,0.55],[65,0.24],[140,0.1]]","N/A","0","0.038","0.018","0.004","0.0036","2.9344","4.4016","0.0469","0.0052","2.8333","1.8333","8.05","6.1333","N/A","N/A","N/A","N/A","Close-range tracking and mobile pressure","Rapid ammo use, horizontal recoil and severe falloff"
"Zipper","SMG","Rare","Maximum","139","16.8","25.2","12","20.5363","36","2.112","2.448","12","140","[[0,1],[12,1],[30,0.55],[65,0.24],[140,0.1]]","N/A","0","0.038","0.018","0.004","0.0036","1.7114","2.567","0.0156","0.0052","7.2167","5.55","16.8167","11.1833","N/A","N/A","N/A","N/A","Close-range tracking and mobile pressure","Rapid ammo use, horizontal recoil and severe falloff"
"Zipper","SMG","Epic","Point blank","2","17.2","25.8","12","206.4","36","2.068","2.397","12","140","[[0,1],[12,1],[30,0.55],[65,0.24],[140,0.1]]","N/A","0","0.038","0.018","0.004","0.0036","17.2","25.8","1","1","0.4167","0.25","0.9167","0.5833","0.4167","0.25","0.9167","0.5833","Close-range tracking and mobile pressure","Rapid ammo use, horizontal recoil and severe falloff"
"Zipper","SMG","Epic","Close","12","17.2","25.8","12","206.4","36","2.068","2.397","12","140","[[0,1],[12,1],[30,0.55],[65,0.24],[140,0.1]]","N/A","0","0.038","0.018","0.004","0.0036","17.2","25.8","0.9896","0.4271","0.4167","0.25","0.9167","0.5833","0.4167","0.5833","0.9167","1.25","Close-range tracking and mobile pressure","Rapid ammo use, horizontal recoil and severe falloff"
"Zipper","SMG","Epic","Medium","40","17.2","25.8","12","95.2389","36","2.068","2.397","12","140","[[0,1],[12,1],[30,0.55],[65,0.24],[140,0.1]]","N/A","0","0.038","0.018","0.004","0.0036","7.9366","11.9049","0.3438","0.026","1","0.6667","2.0833","1.3333","2.8333","7.25","8","16.9167","Close-range tracking and mobile pressure","Rapid ammo use, horizontal recoil and severe falloff"
"Zipper","SMG","Epic","Long","100","17.2","25.8","12","36.0512","36","2.068","2.397","12","140","[[0,1],[12,1],[30,0.55],[65,0.24],[140,0.1]]","N/A","0","0.038","0.018","0.004","0.0036","3.0043","4.5064","0.0469","0.0052","2.75","1.8333","7.8333","6","N/A","N/A","N/A","N/A","Close-range tracking and mobile pressure","Rapid ammo use, horizontal recoil and severe falloff"
"Zipper","SMG","Epic","Maximum","139","17.2","25.8","12","21.0253","36","2.068","2.397","12","140","[[0,1],[12,1],[30,0.55],[65,0.24],[140,0.1]]","N/A","0","0.038","0.018","0.004","0.0036","1.7521","2.6282","0.0156","0.0052","7.0833","5.5","16.5","11","N/A","N/A","N/A","N/A","Close-range tracking and mobile pressure","Rapid ammo use, horizontal recoil and severe falloff"
"Zipper","SMG","Legendary","Point blank","2","17.6","26.4","12","211.2","36","2.0240000000000005","2.346","12","140","[[0,1],[12,1],[30,0.55],[65,0.24],[140,0.1]]","N/A","0","0.038","0.018","0.004","0.0036","17.6","26.4","1","1","0.4167","0.25","0.9167","0.5833","0.4167","0.25","0.9167","0.5833","Close-range tracking and mobile pressure","Rapid ammo use, horizontal recoil and severe falloff"
"Zipper","SMG","Legendary","Close","12","17.6","26.4","12","211.2","36","2.0240000000000005","2.346","12","140","[[0,1],[12,1],[30,0.55],[65,0.24],[140,0.1]]","N/A","0","0.038","0.018","0.004","0.0036","17.6","26.4","0.9896","0.4271","0.4167","0.25","0.9167","0.5833","0.4167","0.5833","0.9167","1.25","Close-range tracking and mobile pressure","Rapid ammo use, horizontal recoil and severe falloff"
"Zipper","SMG","Legendary","Medium","40","17.6","26.4","12","97.4537","36","2.0240000000000005","2.346","12","140","[[0,1],[12,1],[30,0.55],[65,0.24],[140,0.1]]","N/A","0","0.038","0.018","0.004","0.0036","8.1211","12.1817","0.3438","0.026","1","0.6667","2","1.3333","2.75","7.1167","7.7833","16.5167","Close-range tracking and mobile pressure","Rapid ammo use, horizontal recoil and severe falloff"
"Zipper","SMG","Legendary","Long","100","17.6","26.4","12","36.8896","36","2.0240000000000005","2.346","12","140","[[0,1],[12,1],[30,0.55],[65,0.24],[140,0.1]]","N/A","0","0.038","0.018","0.004","0.0036","3.0741","4.6112","0.0469","0.0052","2.6667","1.75","7.7","5.8667","N/A","N/A","N/A","N/A","Close-range tracking and mobile pressure","Rapid ammo use, horizontal recoil and severe falloff"
"Zipper","SMG","Legendary","Maximum","139","17.6","26.4","12","21.5142","36","2.0240000000000005","2.346","12","140","[[0,1],[12,1],[30,0.55],[65,0.24],[140,0.1]]","N/A","0","0.038","0.018","0.004","0.0036","1.7929","2.6893","0.0156","0.0052","6.8667","5.3667","16.1","10.7333","N/A","N/A","N/A","N/A","Close-range tracking and mobile pressure","Rapid ammo use, horizontal recoil and severe falloff"
"Thumper","Rocket launcher","Common","Point blank","2","85","85","0.625","0","1","3.1","3.1","240","240","[[0,1],[240,1]]","48","0.08","0.014","0.007","0.026","0.002","0","0","0","0","N/A","N/A","N/A","N/A","N/A","N/A","N/A","N/A","Telegraphed explosive cover-breaking pressure","Six-unit arming distance, slow flight/reload and self-damage"
"Thumper","Rocket launcher","Common","Close","12","85","85","0.625","53.125","1","3.1","3.1","240","240","[[0,1],[240,1]]","48","0.08","0.014","0.007","0.026","0.002","85","85","1","0","3.3667","3.3667","6.4833","6.4833","3.3667","3.3667","6.4833","6.4833","Telegraphed explosive cover-breaking pressure","Six-unit arming distance, slow flight/reload and self-damage"
"Thumper","Rocket launcher","Common","Medium","40","85","85","0.625","53.125","1","3.1","3.1","240","240","[[0,1],[240,1]]","48","0.08","0.014","0.007","0.026","0.002","85","85","1","0","3.95","3.95","7.0667","7.0667","3.95","3.95","7.0667","7.0667","Telegraphed explosive cover-breaking pressure","Six-unit arming distance, slow flight/reload and self-damage"
"Thumper","Rocket launcher","Common","Long","100","85","85","0.625","53.125","1","3.1","3.1","240","240","[[0,1],[240,1]]","48","0.08","0.014","0.007","0.026","0.002","85","85","1","0","5.2","5.2","8.3167","8.3167","5.2","5.2","8.3167","8.3167","Telegraphed explosive cover-breaking pressure","Six-unit arming distance, slow flight/reload and self-damage"
"Thumper","Rocket launcher","Common","Maximum","239","85","85","0.625","53.125","1","3.1","3.1","240","240","[[0,1],[240,1]]","48","0.08","0.014","0.007","0.026","0.002","85","85","1","0","8.0958","8.0958","11.2125","11.2125","8.0958","8.0958","11.2125","11.2125","Telegraphed explosive cover-breaking pressure","Six-unit arming distance, slow flight/reload and self-damage"
"Thumper","Rocket launcher","Uncommon","Point blank","2","87.125","87.125","0.625","0","1","3.038","3.038","240","240","[[0,1],[240,1]]","48","0.08","0.014","0.007","0.026","0.002","0","0","0","0","N/A","N/A","N/A","N/A","N/A","N/A","N/A","N/A","Telegraphed explosive cover-breaking pressure","Six-unit arming distance, slow flight/reload and self-damage"
"Thumper","Rocket launcher","Uncommon","Close","12","87.125","87.125","0.625","54.4531","1","3.038","3.038","240","240","[[0,1],[240,1]]","48","0.08","0.014","0.007","0.026","0.002","87.125","87.125","1","0","3.3167","3.3167","6.3833","6.3833","3.3167","3.3167","6.3833","6.3833","Telegraphed explosive cover-breaking pressure","Six-unit arming distance, slow flight/reload and self-damage"
"Thumper","Rocket launcher","Uncommon","Medium","40","87.125","87.125","0.625","54.4531","1","3.038","3.038","240","240","[[0,1],[240,1]]","48","0.08","0.014","0.007","0.026","0.002","87.125","87.125","1","0","3.9","3.9","6.9667","6.9667","3.9","3.9","6.9667","6.9667","Telegraphed explosive cover-breaking pressure","Six-unit arming distance, slow flight/reload and self-damage"
"Thumper","Rocket launcher","Uncommon","Long","100","87.125","87.125","0.625","54.4531","1","3.038","3.038","240","240","[[0,1],[240,1]]","48","0.08","0.014","0.007","0.026","0.002","87.125","87.125","1","0","5.15","5.15","8.2167","8.2167","5.15","5.15","8.2167","8.2167","Telegraphed explosive cover-breaking pressure","Six-unit arming distance, slow flight/reload and self-damage"
"Thumper","Rocket launcher","Uncommon","Maximum","239","87.125","87.125","0.625","54.4531","1","3.038","3.038","240","240","[[0,1],[240,1]]","48","0.08","0.014","0.007","0.026","0.002","87.125","87.125","1","0","8.0458","8.0458","11.1125","11.1125","8.0458","8.0458","11.1125","11.1125","Telegraphed explosive cover-breaking pressure","Six-unit arming distance, slow flight/reload and self-damage"
"Thumper","Rocket launcher","Rare","Point blank","2","89.25","89.25","0.625","0","1","2.976","2.976","240","240","[[0,1],[240,1]]","48","0.08","0.014","0.007","0.026","0.002","0","0","0","0","N/A","N/A","N/A","N/A","N/A","N/A","N/A","N/A","Telegraphed explosive cover-breaking pressure","Six-unit arming distance, slow flight/reload and self-damage"
"Thumper","Rocket launcher","Rare","Close","12","89.25","89.25","0.625","55.7813","1","2.976","2.976","240","240","[[0,1],[240,1]]","48","0.08","0.014","0.007","0.026","0.002","89.25","89.25","1","0","3.25","3.25","6.25","6.25","3.25","3.25","6.25","6.25","Telegraphed explosive cover-breaking pressure","Six-unit arming distance, slow flight/reload and self-damage"
"Thumper","Rocket launcher","Rare","Medium","40","89.25","89.25","0.625","55.7813","1","2.976","2.976","240","240","[[0,1],[240,1]]","48","0.08","0.014","0.007","0.026","0.002","89.25","89.25","1","0","3.8333","3.8333","6.8333","6.8333","3.8333","3.8333","6.8333","6.8333","Telegraphed explosive cover-breaking pressure","Six-unit arming distance, slow flight/reload and self-damage"
"Thumper","Rocket launcher","Rare","Long","100","89.25","89.25","0.625","55.7813","1","2.976","2.976","240","240","[[0,1],[240,1]]","48","0.08","0.014","0.007","0.026","0.002","89.25","89.25","1","0","5.0833","5.0833","8.0833","8.0833","5.0833","5.0833","8.0833","8.0833","Telegraphed explosive cover-breaking pressure","Six-unit arming distance, slow flight/reload and self-damage"
"Thumper","Rocket launcher","Rare","Maximum","239","89.25","89.25","0.625","55.7813","1","2.976","2.976","240","240","[[0,1],[240,1]]","48","0.08","0.014","0.007","0.026","0.002","89.25","89.25","1","0","7.9792","7.9792","10.9792","10.9792","7.9792","7.9792","10.9792","10.9792","Telegraphed explosive cover-breaking pressure","Six-unit arming distance, slow flight/reload and self-damage"
"Thumper","Rocket launcher","Epic","Point blank","2","91.375","91.375","0.625","0","1","2.9139999999999997","2.9139999999999997","240","240","[[0,1],[240,1]]","48","0.08","0.014","0.007","0.026","0.002","0","0","0","0","N/A","N/A","N/A","N/A","N/A","N/A","N/A","N/A","Telegraphed explosive cover-breaking pressure","Six-unit arming distance, slow flight/reload and self-damage"
"Thumper","Rocket launcher","Epic","Close","12","91.375","91.375","0.625","57.1094","1","2.9139999999999997","2.9139999999999997","240","240","[[0,1],[240,1]]","48","0.08","0.014","0.007","0.026","0.002","91.375","91.375","1","0","3.1833","3.1833","6.1167","6.1167","3.1833","3.1833","6.1167","6.1167","Telegraphed explosive cover-breaking pressure","Six-unit arming distance, slow flight/reload and self-damage"
"Thumper","Rocket launcher","Epic","Medium","40","91.375","91.375","0.625","57.1094","1","2.9139999999999997","2.9139999999999997","240","240","[[0,1],[240,1]]","48","0.08","0.014","0.007","0.026","0.002","91.375","91.375","1","0","3.7667","3.7667","6.7","6.7","3.7667","3.7667","6.7","6.7","Telegraphed explosive cover-breaking pressure","Six-unit arming distance, slow flight/reload and self-damage"
"Thumper","Rocket launcher","Epic","Long","100","91.375","91.375","0.625","57.1094","1","2.9139999999999997","2.9139999999999997","240","240","[[0,1],[240,1]]","48","0.08","0.014","0.007","0.026","0.002","91.375","91.375","1","0","5.0167","5.0167","7.95","7.95","5.0167","5.0167","7.95","7.95","Telegraphed explosive cover-breaking pressure","Six-unit arming distance, slow flight/reload and self-damage"
"Thumper","Rocket launcher","Epic","Maximum","239","91.375","91.375","0.625","57.1094","1","2.9139999999999997","2.9139999999999997","240","240","[[0,1],[240,1]]","48","0.08","0.014","0.007","0.026","0.002","91.375","91.375","1","0","7.9125","7.9125","10.8458","10.8458","7.9125","7.9125","10.8458","10.8458","Telegraphed explosive cover-breaking pressure","Six-unit arming distance, slow flight/reload and self-damage"
"Thumper","Rocket launcher","Legendary","Point blank","2","93.5","93.5","0.625","0","1","2.8520000000000003","2.8520000000000003","240","240","[[0,1],[240,1]]","48","0.08","0.014","0.007","0.026","0.002","0","0","0","0","N/A","N/A","N/A","N/A","N/A","N/A","N/A","N/A","Telegraphed explosive cover-breaking pressure","Six-unit arming distance, slow flight/reload and self-damage"
"Thumper","Rocket launcher","Legendary","Close","12","93.5","93.5","0.625","58.4375","1","2.8520000000000003","2.8520000000000003","240","240","[[0,1],[240,1]]","48","0.08","0.014","0.007","0.026","0.002","93.5","93.5","1","0","3.1333","3.1333","6.0167","6.0167","3.1333","3.1333","6.0167","6.0167","Telegraphed explosive cover-breaking pressure","Six-unit arming distance, slow flight/reload and self-damage"
"Thumper","Rocket launcher","Legendary","Medium","40","93.5","93.5","0.625","58.4375","1","2.8520000000000003","2.8520000000000003","240","240","[[0,1],[240,1]]","48","0.08","0.014","0.007","0.026","0.002","93.5","93.5","1","0","3.7167","3.7167","6.6","6.6","3.7167","3.7167","6.6","6.6","Telegraphed explosive cover-breaking pressure","Six-unit arming distance, slow flight/reload and self-damage"
"Thumper","Rocket launcher","Legendary","Long","100","93.5","93.5","0.625","58.4375","1","2.8520000000000003","2.8520000000000003","240","240","[[0,1],[240,1]]","48","0.08","0.014","0.007","0.026","0.002","93.5","93.5","1","0","4.9667","4.9667","7.85","7.85","4.9667","4.9667","7.85","7.85","Telegraphed explosive cover-breaking pressure","Six-unit arming distance, slow flight/reload and self-damage"
"Thumper","Rocket launcher","Legendary","Maximum","239","93.5","93.5","0.625","58.4375","1","2.8520000000000003","2.8520000000000003","240","240","[[0,1],[240,1]]","48","0.08","0.014","0.007","0.026","0.002","93.5","93.5","1","0","7.8625","7.8625","10.7458","10.7458","7.8625","7.8625","10.7458","10.7458","Telegraphed explosive cover-breaking pressure","Six-unit arming distance, slow flight/reload and self-damage"
"Anchor","Heavy marksman rifle","Common","Point blank","2","51","102","1.5385","78.4615","7","2.3","2.6","100","380","[[0,1],[100,1],[170,0.85],[300,0.7],[380,0.6]]","N/A","0","0.1","0","0.02","0.0018","51","102","1","1","0.65","0","1.95","0.65","0.65","0","1.95","0.65","High-impact controlled precision and ammo efficiency","Slow follow-ups, hip fire and heavy ADS handling"
"Anchor","Heavy marksman rifle","Common","Close","12","51","102","1.5385","78.4615","7","2.3","2.6","100","380","[[0,1],[100,1],[170,0.85],[300,0.7],[380,0.6]]","N/A","0","0.1","0","0.02","0.0018","51","102","1","1","0.65","0","1.95","0.65","0.65","0","1.95","0.65","High-impact controlled precision and ammo efficiency","Slow follow-ups, hip fire and heavy ADS handling"
"Anchor","Heavy marksman rifle","Common","Medium","40","51","102","1.5385","78.4615","7","2.3","2.6","100","380","[[0,1],[100,1],[170,0.85],[300,0.7],[380,0.6]]","N/A","0","0.1","0","0.02","0.0018","51","102","1","1","0.65","0","1.95","0.65","0.65","0","1.95","0.65","High-impact controlled precision and ammo efficiency","Slow follow-ups, hip fire and heavy ADS handling"
"Anchor","Heavy marksman rifle","Common","Long","100","51","102","1.5385","78.4615","7","2.3","2.6","100","380","[[0,1],[100,1],[170,0.85],[300,0.7],[380,0.6]]","N/A","0","0.1","0","0.02","0.0018","51","102","1","1","0.65","0","1.95","0.65","0.65","0","1.95","0.65","High-impact controlled precision and ammo efficiency","Slow follow-ups, hip fire and heavy ADS handling"
"Anchor","Heavy marksman rifle","Common","Maximum","379","51","102","1.5385","47.175","7","2.3","2.6","100","380","[[0,1],[100,1],[170,0.85],[300,0.7],[380,0.6]]","N/A","0","0.1","0","0.02","0.0018","30.6637","61.3275","1","1","1.95","0.65","3.9","1.95","1.95","0.65","3.9","1.95","High-impact controlled precision and ammo efficiency","Slow follow-ups, hip fire and heavy ADS handling"
"Anchor","Heavy marksman rifle","Uncommon","Point blank","2","52.275","104.55","1.5385","80.4231","7","2.254","2.548","100","380","[[0,1],[100,1],[170,0.85],[300,0.7],[380,0.6]]","N/A","0","0.1","0","0.02","0.0018","52.275","104.55","1","1","0.65","0","1.95","0.65","0.65","0","1.95","0.65","High-impact controlled precision and ammo efficiency","Slow follow-ups, hip fire and heavy ADS handling"
"Anchor","Heavy marksman rifle","Uncommon","Close","12","52.275","104.55","1.5385","80.4231","7","2.254","2.548","100","380","[[0,1],[100,1],[170,0.85],[300,0.7],[380,0.6]]","N/A","0","0.1","0","0.02","0.0018","52.275","104.55","1","1","0.65","0","1.95","0.65","0.65","0","1.95","0.65","High-impact controlled precision and ammo efficiency","Slow follow-ups, hip fire and heavy ADS handling"
"Anchor","Heavy marksman rifle","Uncommon","Medium","40","52.275","104.55","1.5385","80.4231","7","2.254","2.548","100","380","[[0,1],[100,1],[170,0.85],[300,0.7],[380,0.6]]","N/A","0","0.1","0","0.02","0.0018","52.275","104.55","1","1","0.65","0","1.95","0.65","0.65","0","1.95","0.65","High-impact controlled precision and ammo efficiency","Slow follow-ups, hip fire and heavy ADS handling"
"Anchor","Heavy marksman rifle","Uncommon","Long","100","52.275","104.55","1.5385","80.4231","7","2.254","2.548","100","380","[[0,1],[100,1],[170,0.85],[300,0.7],[380,0.6]]","N/A","0","0.1","0","0.02","0.0018","52.275","104.55","1","1","0.65","0","1.95","0.65","0.65","0","1.95","0.65","High-impact controlled precision and ammo efficiency","Slow follow-ups, hip fire and heavy ADS handling"
"Anchor","Heavy marksman rifle","Uncommon","Maximum","379","52.275","104.55","1.5385","48.3544","7","2.254","2.548","100","380","[[0,1],[100,1],[170,0.85],[300,0.7],[380,0.6]]","N/A","0","0.1","0","0.02","0.0018","31.4303","62.8607","1","1","1.95","0.65","3.9","1.95","1.95","0.65","3.9","1.95","High-impact controlled precision and ammo efficiency","Slow follow-ups, hip fire and heavy ADS handling"
"Anchor","Heavy marksman rifle","Rare","Point blank","2","53.55","107.1","1.5385","82.3846","7","2.2079999999999997","2.496","100","380","[[0,1],[100,1],[170,0.85],[300,0.7],[380,0.6]]","N/A","0","0.1","0","0.02","0.0018","53.55","107.1","1","1","0.65","0","1.95","0.65","0.65","0","1.95","0.65","High-impact controlled precision and ammo efficiency","Slow follow-ups, hip fire and heavy ADS handling"
"Anchor","Heavy marksman rifle","Rare","Close","12","53.55","107.1","1.5385","82.3846","7","2.2079999999999997","2.496","100","380","[[0,1],[100,1],[170,0.85],[300,0.7],[380,0.6]]","N/A","0","0.1","0","0.02","0.0018","53.55","107.1","1","1","0.65","0","1.95","0.65","0.65","0","1.95","0.65","High-impact controlled precision and ammo efficiency","Slow follow-ups, hip fire and heavy ADS handling"
"Anchor","Heavy marksman rifle","Rare","Medium","40","53.55","107.1","1.5385","82.3846","7","2.2079999999999997","2.496","100","380","[[0,1],[100,1],[170,0.85],[300,0.7],[380,0.6]]","N/A","0","0.1","0","0.02","0.0018","53.55","107.1","1","1","0.65","0","1.95","0.65","0.65","0","1.95","0.65","High-impact controlled precision and ammo efficiency","Slow follow-ups, hip fire and heavy ADS handling"
"Anchor","Heavy marksman rifle","Rare","Long","100","53.55","107.1","1.5385","82.3846","7","2.2079999999999997","2.496","100","380","[[0,1],[100,1],[170,0.85],[300,0.7],[380,0.6]]","N/A","0","0.1","0","0.02","0.0018","53.55","107.1","1","1","0.65","0","1.95","0.65","0.65","0","1.95","0.65","High-impact controlled precision and ammo efficiency","Slow follow-ups, hip fire and heavy ADS handling"
"Anchor","Heavy marksman rifle","Rare","Maximum","379","53.55","107.1","1.5385","49.5337","7","2.2079999999999997","2.496","100","380","[[0,1],[100,1],[170,0.85],[300,0.7],[380,0.6]]","N/A","0","0.1","0","0.02","0.0018","32.1969","64.3939","1","1","1.95","0.65","3.9","1.95","1.95","0.65","3.9","1.95","High-impact controlled precision and ammo efficiency","Slow follow-ups, hip fire and heavy ADS handling"
"Anchor","Heavy marksman rifle","Epic","Point blank","2","54.825","109.65","1.5385","84.3462","7","2.162","2.444","100","380","[[0,1],[100,1],[170,0.85],[300,0.7],[380,0.6]]","N/A","0","0.1","0","0.02","0.0018","54.825","109.65","1","1","0.65","0","1.95","0.65","0.65","0","1.95","0.65","High-impact controlled precision and ammo efficiency","Slow follow-ups, hip fire and heavy ADS handling"
"Anchor","Heavy marksman rifle","Epic","Close","12","54.825","109.65","1.5385","84.3462","7","2.162","2.444","100","380","[[0,1],[100,1],[170,0.85],[300,0.7],[380,0.6]]","N/A","0","0.1","0","0.02","0.0018","54.825","109.65","1","1","0.65","0","1.95","0.65","0.65","0","1.95","0.65","High-impact controlled precision and ammo efficiency","Slow follow-ups, hip fire and heavy ADS handling"
"Anchor","Heavy marksman rifle","Epic","Medium","40","54.825","109.65","1.5385","84.3462","7","2.162","2.444","100","380","[[0,1],[100,1],[170,0.85],[300,0.7],[380,0.6]]","N/A","0","0.1","0","0.02","0.0018","54.825","109.65","1","1","0.65","0","1.95","0.65","0.65","0","1.95","0.65","High-impact controlled precision and ammo efficiency","Slow follow-ups, hip fire and heavy ADS handling"
"Anchor","Heavy marksman rifle","Epic","Long","100","54.825","109.65","1.5385","84.3462","7","2.162","2.444","100","380","[[0,1],[100,1],[170,0.85],[300,0.7],[380,0.6]]","N/A","0","0.1","0","0.02","0.0018","54.825","109.65","1","1","0.65","0","1.95","0.65","0.65","0","1.95","0.65","High-impact controlled precision and ammo efficiency","Slow follow-ups, hip fire and heavy ADS handling"
"Anchor","Heavy marksman rifle","Epic","Maximum","379","54.825","109.65","1.5385","50.7131","7","2.162","2.444","100","380","[[0,1],[100,1],[170,0.85],[300,0.7],[380,0.6]]","N/A","0","0.1","0","0.02","0.0018","32.9635","65.9271","1","1","1.95","0.65","3.9","1.95","1.95","0.65","3.9","1.95","High-impact controlled precision and ammo efficiency","Slow follow-ups, hip fire and heavy ADS handling"
"Anchor","Heavy marksman rifle","Legendary","Point blank","2","56.1","112.2","1.5385","86.3077","7","2.116","2.3920000000000003","100","380","[[0,1],[100,1],[170,0.85],[300,0.7],[380,0.6]]","N/A","0","0.1","0","0.02","0.0018","56.1","112.2","1","1","0.65","0","1.95","0.65","0.65","0","1.95","0.65","High-impact controlled precision and ammo efficiency","Slow follow-ups, hip fire and heavy ADS handling"
"Anchor","Heavy marksman rifle","Legendary","Close","12","56.1","112.2","1.5385","86.3077","7","2.116","2.3920000000000003","100","380","[[0,1],[100,1],[170,0.85],[300,0.7],[380,0.6]]","N/A","0","0.1","0","0.02","0.0018","56.1","112.2","1","1","0.65","0","1.95","0.65","0.65","0","1.95","0.65","High-impact controlled precision and ammo efficiency","Slow follow-ups, hip fire and heavy ADS handling"
"Anchor","Heavy marksman rifle","Legendary","Medium","40","56.1","112.2","1.5385","86.3077","7","2.116","2.3920000000000003","100","380","[[0,1],[100,1],[170,0.85],[300,0.7],[380,0.6]]","N/A","0","0.1","0","0.02","0.0018","56.1","112.2","1","1","0.65","0","1.95","0.65","0.65","0","1.95","0.65","High-impact controlled precision and ammo efficiency","Slow follow-ups, hip fire and heavy ADS handling"
"Anchor","Heavy marksman rifle","Legendary","Long","100","56.1","112.2","1.5385","86.3077","7","2.116","2.3920000000000003","100","380","[[0,1],[100,1],[170,0.85],[300,0.7],[380,0.6]]","N/A","0","0.1","0","0.02","0.0018","56.1","112.2","1","1","0.65","0","1.95","0.65","0.65","0","1.95","0.65","High-impact controlled precision and ammo efficiency","Slow follow-ups, hip fire and heavy ADS handling"
"Anchor","Heavy marksman rifle","Legendary","Maximum","379","56.1","112.2","1.5385","51.8925","7","2.116","2.3920000000000003","100","380","[[0,1],[100,1],[170,0.85],[300,0.7],[380,0.6]]","N/A","0","0.1","0","0.02","0.0018","33.7301","67.4603","1","1","1.3","0.65","3.25","1.3","1.3","0.65","3.25","1.3","High-impact controlled precision and ammo efficiency","Slow follow-ups, hip fire and heavy ADS handling"
"Duet","Burst assault rifle","Common","Point blank","2","26","46.8","5","130","24","2.4","2.7","42","280","[[0,1],[42,1],[110,0.8],[200,0.55],[280,0.4]]","N/A","0","0.026","0.0035","0.0055","0.0012","26","46.8","1","1","0.6","0.1667","1.2833","0.6833","0.6","0.1667","1.2833","0.6833","Accurate three-shot windows at medium range","A missed burst leaves a distinct recovery gap"
"Duet","Burst assault rifle","Common","Close","12","26","46.8","5","130","24","2.4","2.7","42","280","[[0,1],[42,1],[110,0.8],[200,0.55],[280,0.4]]","N/A","0","0.026","0.0035","0.0055","0.0012","26","46.8","1","1","0.6","0.1667","1.2833","0.6833","0.6","0.1667","1.2833","0.6833","Accurate three-shot windows at medium range","A missed burst leaves a distinct recovery gap"
"Duet","Burst assault rifle","Common","Medium","40","26","46.8","5","130","24","2.4","2.7","42","280","[[0,1],[42,1],[110,0.8],[200,0.55],[280,0.4]]","N/A","0","0.026","0.0035","0.0055","0.0012","26","46.8","1","1","0.6","0.1667","1.2833","0.6833","0.6","0.1667","1.2833","0.6833","Accurate three-shot windows at medium range","A missed burst leaves a distinct recovery gap"
"Duet","Burst assault rifle","Common","Long","100","26","46.8","5","107.8235","24","2.4","2.7","42","280","[[0,1],[42,1],[110,0.8],[200,0.55],[280,0.4]]","N/A","0","0.026","0.0035","0.0055","0.0012","21.5647","38.8165","0.9948","0.5521","0.6833","0.1667","1.8","0.7667","0.6833","0.6833","1.8","1.3667","Accurate three-shot windows at medium range","A missed burst leaves a distinct recovery gap"
"Duet","Burst assault rifle","Common","Maximum","279","26","46.8","5","52.2438","24","2.4","2.7","42","280","[[0,1],[42,1],[110,0.8],[200,0.55],[280,0.4]]","N/A","0","0.026","0.0035","0.0055","0.0012","10.4488","18.8078","0.5938","0.3594","1.8","0.7667","3.6833","1.8833","3","2.4","8.2833","7.0833","Accurate three-shot windows at medium range","A missed burst leaves a distinct recovery gap"
"Duet","Burst assault rifle","Uncommon","Point blank","2","26.65","47.97","5","133.25","24","2.352","2.646","42","280","[[0,1],[42,1],[110,0.8],[200,0.55],[280,0.4]]","N/A","0","0.026","0.0035","0.0055","0.0012","26.65","47.97","1","1","0.6","0.1667","1.2833","0.6833","0.6","0.1667","1.2833","0.6833","Accurate three-shot windows at medium range","A missed burst leaves a distinct recovery gap"
"Duet","Burst assault rifle","Uncommon","Close","12","26.65","47.97","5","133.25","24","2.352","2.646","42","280","[[0,1],[42,1],[110,0.8],[200,0.55],[280,0.4]]","N/A","0","0.026","0.0035","0.0055","0.0012","26.65","47.97","1","1","0.6","0.1667","1.2833","0.6833","0.6","0.1667","1.2833","0.6833","Accurate three-shot windows at medium range","A missed burst leaves a distinct recovery gap"
"Duet","Burst assault rifle","Uncommon","Medium","40","26.65","47.97","5","133.25","24","2.352","2.646","42","280","[[0,1],[42,1],[110,0.8],[200,0.55],[280,0.4]]","N/A","0","0.026","0.0035","0.0055","0.0012","26.65","47.97","1","1","0.6","0.1667","1.2833","0.6833","0.6","0.1667","1.2833","0.6833","Accurate three-shot windows at medium range","A missed burst leaves a distinct recovery gap"
"Duet","Burst assault rifle","Uncommon","Long","100","26.65","47.97","5","110.5191","24","2.352","2.646","42","280","[[0,1],[42,1],[110,0.8],[200,0.55],[280,0.4]]","N/A","0","0.026","0.0035","0.0055","0.0012","22.1038","39.7869","0.9948","0.5521","0.6833","0.1667","1.8","0.7667","0.6833","0.6833","1.8","1.3667","Accurate three-shot windows at medium range","A missed burst leaves a distinct recovery gap"
"Duet","Burst assault rifle","Uncommon","Maximum","279","26.65","47.97","5","53.5498","24","2.352","2.646","42","280","[[0,1],[42,1],[110,0.8],[200,0.55],[280,0.4]]","N/A","0","0.026","0.0035","0.0055","0.0012","10.71","19.2779","0.5938","0.3594","1.8","0.7667","3.6","1.8833","3","2.4","8.2333","7.0333","Accurate three-shot windows at medium range","A missed burst leaves a distinct recovery gap"
"Duet","Burst assault rifle","Rare","Point blank","2","27.3","49.14","5","136.5","24","2.304","2.592","42","280","[[0,1],[42,1],[110,0.8],[200,0.55],[280,0.4]]","N/A","0","0.026","0.0035","0.0055","0.0012","27.3","49.14","1","1","0.6","0.1667","1.2833","0.6833","0.6","0.1667","1.2833","0.6833","Accurate three-shot windows at medium range","A missed burst leaves a distinct recovery gap"
"Duet","Burst assault rifle","Rare","Close","12","27.3","49.14","5","136.5","24","2.304","2.592","42","280","[[0,1],[42,1],[110,0.8],[200,0.55],[280,0.4]]","N/A","0","0.026","0.0035","0.0055","0.0012","27.3","49.14","1","1","0.6","0.1667","1.2833","0.6833","0.6","0.1667","1.2833","0.6833","Accurate three-shot windows at medium range","A missed burst leaves a distinct recovery gap"
"Duet","Burst assault rifle","Rare","Medium","40","27.3","49.14","5","136.5","24","2.304","2.592","42","280","[[0,1],[42,1],[110,0.8],[200,0.55],[280,0.4]]","N/A","0","0.026","0.0035","0.0055","0.0012","27.3","49.14","1","1","0.6","0.1667","1.2833","0.6833","0.6","0.1667","1.2833","0.6833","Accurate three-shot windows at medium range","A missed burst leaves a distinct recovery gap"
"Duet","Burst assault rifle","Rare","Long","100","27.3","49.14","5","113.2147","24","2.304","2.592","42","280","[[0,1],[42,1],[110,0.8],[200,0.55],[280,0.4]]","N/A","0","0.026","0.0035","0.0055","0.0012","22.6429","40.7573","0.9948","0.5521","0.6833","0.1667","1.3667","0.6833","0.6833","0.6833","1.3667","1.3667","Accurate three-shot windows at medium range","A missed burst leaves a distinct recovery gap"
"Duet","Burst assault rifle","Rare","Maximum","279","27.3","49.14","5","54.8559","24","2.304","2.592","42","280","[[0,1],[42,1],[110,0.8],[200,0.55],[280,0.4]]","N/A","0","0.026","0.0035","0.0055","0.0012","10.9712","19.7481","0.5938","0.3594","1.8","0.7667","3.6","1.8833","2.5667","1.9667","7.75","4.3667","Accurate three-shot windows at medium range","A missed burst leaves a distinct recovery gap"
"Duet","Burst assault rifle","Epic","Point blank","2","27.95","50.31","5","139.75","24","2.256","2.538","42","280","[[0,1],[42,1],[110,0.8],[200,0.55],[280,0.4]]","N/A","0","0.026","0.0035","0.0055","0.0012","27.95","50.31","1","1","0.6","0.0833","1.2833","0.6","0.6","0.0833","1.2833","0.6","Accurate three-shot windows at medium range","A missed burst leaves a distinct recovery gap"
"Duet","Burst assault rifle","Epic","Close","12","27.95","50.31","5","139.75","24","2.256","2.538","42","280","[[0,1],[42,1],[110,0.8],[200,0.55],[280,0.4]]","N/A","0","0.026","0.0035","0.0055","0.0012","27.95","50.31","1","1","0.6","0.0833","1.2833","0.6","0.6","0.0833","1.2833","0.6","Accurate three-shot windows at medium range","A missed burst leaves a distinct recovery gap"
"Duet","Burst assault rifle","Epic","Medium","40","27.95","50.31","5","139.75","24","2.256","2.538","42","280","[[0,1],[42,1],[110,0.8],[200,0.55],[280,0.4]]","N/A","0","0.026","0.0035","0.0055","0.0012","27.95","50.31","1","1","0.6","0.0833","1.2833","0.6","0.6","0.0833","1.2833","0.6","Accurate three-shot windows at medium range","A missed burst leaves a distinct recovery gap"
"Duet","Burst assault rifle","Epic","Long","100","27.95","50.31","5","115.9103","24","2.256","2.538","42","280","[[0,1],[42,1],[110,0.8],[200,0.55],[280,0.4]]","N/A","0","0.026","0.0035","0.0055","0.0012","23.1821","41.7277","0.9948","0.5521","0.6833","0.1667","1.3667","0.6833","0.6833","0.6833","1.3667","1.3667","Accurate three-shot windows at medium range","A missed burst leaves a distinct recovery gap"
"Duet","Burst assault rifle","Epic","Maximum","279","27.95","50.31","5","56.162","24","2.256","2.538","42","280","[[0,1],[42,1],[110,0.8],[200,0.55],[280,0.4]]","N/A","0","0.026","0.0035","0.0055","0.0012","11.2324","20.2183","0.5938","0.3594","1.3667","0.6833","3.1667","1.8","2.5667","1.9667","7.6167","4.3667","Accurate three-shot windows at medium range","A missed burst leaves a distinct recovery gap"
"Duet","Burst assault rifle","Legendary","Point blank","2","28.6","51.48","5","143","24","2.208","2.4840000000000004","42","280","[[0,1],[42,1],[110,0.8],[200,0.55],[280,0.4]]","N/A","0","0.026","0.0035","0.0055","0.0012","28.6","51.48","1","1","0.6","0.0833","1.2","0.6","0.6","0.0833","1.2","0.6","Accurate three-shot windows at medium range","A missed burst leaves a distinct recovery gap"
"Duet","Burst assault rifle","Legendary","Close","12","28.6","51.48","5","143","24","2.208","2.4840000000000004","42","280","[[0,1],[42,1],[110,0.8],[200,0.55],[280,0.4]]","N/A","0","0.026","0.0035","0.0055","0.0012","28.6","51.48","1","1","0.6","0.0833","1.2","0.6","0.6","0.0833","1.2","0.6","Accurate three-shot windows at medium range","A missed burst leaves a distinct recovery gap"
"Duet","Burst assault rifle","Legendary","Medium","40","28.6","51.48","5","143","24","2.208","2.4840000000000004","42","280","[[0,1],[42,1],[110,0.8],[200,0.55],[280,0.4]]","N/A","0","0.026","0.0035","0.0055","0.0012","28.6","51.48","1","1","0.6","0.0833","1.2","0.6","0.6","0.0833","1.2","0.6","Accurate three-shot windows at medium range","A missed burst leaves a distinct recovery gap"
"Duet","Burst assault rifle","Legendary","Long","100","28.6","51.48","5","118.6059","24","2.208","2.4840000000000004","42","280","[[0,1],[42,1],[110,0.8],[200,0.55],[280,0.4]]","N/A","0","0.026","0.0035","0.0055","0.0012","23.7212","42.6981","0.9948","0.5521","0.6833","0.1667","1.3667","0.6833","0.6833","0.6","1.3667","1.2833","Accurate three-shot windows at medium range","A missed burst leaves a distinct recovery gap"
"Duet","Burst assault rifle","Legendary","Maximum","279","28.6","51.48","5","57.4681","24","2.208","2.4840000000000004","42","280","[[0,1],[42,1],[110,0.8],[200,0.55],[280,0.4]]","N/A","0","0.026","0.0035","0.0055","0.0012","11.4936","20.6885","0.5938","0.3594","1.3667","0.6833","3.1667","1.8","2.5667","1.9667","7.5667","4.2833","Accurate three-shot windows at medium range","A missed burst leaves a distinct recovery gap"
"Pip","Pistol","Common","Point blank","2","26","52","5","130","14","1.35","1.6","18","150","[[0,1],[18,1],[50,0.55],[100,0.25],[150,0.12]]","N/A","0","0.03","0.006","0.011","0.0025","26","52","1","1","0.6","0.2","1.4","0.6","0.6","0.2","1.4","0.6","Quick-draw, mobile backup with rewarding controlled headshots","Lower sustained body DPS and limited range"
"Pip","Pistol","Common","Close","12","26","52","5","130","14","1.35","1.6","18","150","[[0,1],[18,1],[50,0.55],[100,0.25],[150,0.12]]","N/A","0","0.03","0.006","0.011","0.0025","26","52","1","1","0.6","0.2","1.4","0.6","0.6","0.2","1.4","0.6","Quick-draw, mobile backup with rewarding controlled headshots","Lower sustained body DPS and limited range"
"Pip","Pistol","Common","Medium","40","26","52","5","89.7813","14","1.35","1.6","18","150","[[0,1],[18,1],[50,0.55],[100,0.25],[150,0.12]]","N/A","0","0.03","0.006","0.011","0.0025","17.9563","35.9125","1","1","1","0.4","2.2","1","1","0.4","2.2","1","Quick-draw, mobile backup with rewarding controlled headshots","Lower sustained body DPS and limited range"
"Pip","Pistol","Common","Long","100","26","52","5","32.5","14","1.35","1.6","18","150","[[0,1],[18,1],[50,0.55],[100,0.25],[150,0.12]]","N/A","0","0.03","0.006","0.011","0.0025","6.5","13","0.9844","0.3281","4.4167","1.4","8.8333","4.4167","4.4167","5.2167","9.0333","10.4333","Quick-draw, mobile backup with rewarding controlled headshots","Lower sustained body DPS and limited range"
"Pip","Pistol","Common","Maximum","149","26","52","5","15.938","14","1.35","1.6","18","150","[[0,1],[18,1],[50,0.55],[100,0.25],[150,0.12]]","N/A","0","0.03","0.006","0.011","0.0025","3.1876","6.3752","0.7344","0.1354","9.0333","4.4167","18.0667","9.0333","10.6333","18.4667","22.8833","38.35","Quick-draw, mobile backup with rewarding controlled headshots","Lower sustained body DPS and limited range"
"Pip","Pistol","Uncommon","Point blank","2","26.65","53.3","5","133.25","14","1.323","1.568","18","150","[[0,1],[18,1],[50,0.55],[100,0.25],[150,0.12]]","N/A","0","0.03","0.006","0.011","0.0025","26.65","53.3","1","1","0.6","0.2","1.4","0.6","0.6","0.2","1.4","0.6","Quick-draw, mobile backup with rewarding controlled headshots","Lower sustained body DPS and limited range"
"Pip","Pistol","Uncommon","Close","12","26.65","53.3","5","133.25","14","1.323","1.568","18","150","[[0,1],[18,1],[50,0.55],[100,0.25],[150,0.12]]","N/A","0","0.03","0.006","0.011","0.0025","26.65","53.3","1","1","0.6","0.2","1.4","0.6","0.6","0.2","1.4","0.6","Quick-draw, mobile backup with rewarding controlled headshots","Lower sustained body DPS and limited range"
"Pip","Pistol","Uncommon","Medium","40","26.65","53.3","5","92.0258","14","1.323","1.568","18","150","[[0,1],[18,1],[50,0.55],[100,0.25],[150,0.12]]","N/A","0","0.03","0.006","0.011","0.0025","18.4052","36.8103","1","1","1","0.4","2","1","1","0.4","2","1","Quick-draw, mobile backup with rewarding controlled headshots","Lower sustained body DPS and limited range"
"Pip","Pistol","Uncommon","Long","100","26.65","53.3","5","33.3125","14","1.323","1.568","18","150","[[0,1],[18,1],[50,0.55],[100,0.25],[150,0.12]]","N/A","0","0.03","0.006","0.011","0.0025","6.6625","13.325","0.9844","0.3281","4.4","1.4","8.8","4.4","4.4","5","8.8","10.2","Quick-draw, mobile backup with rewarding controlled headshots","Lower sustained body DPS and limited range"
"Pip","Pistol","Uncommon","Maximum","149","26.65","53.3","5","16.3365","14","1.323","1.568","18","150","[[0,1],[18,1],[50,0.55],[100,0.25],[150,0.12]]","N/A","0","0.03","0.006","0.011","0.0025","3.2673","6.5346","0.7344","0.1354","8.8","4.4","17.8","8.8","10.4","18","22.4","36.2","Quick-draw, mobile backup with rewarding controlled headshots","Lower sustained body DPS and limited range"
"Pip","Pistol","Rare","Point blank","2","27.3","54.6","5","136.5","14","1.296","1.536","18","150","[[0,1],[18,1],[50,0.55],[100,0.25],[150,0.12]]","N/A","0","0.03","0.006","0.011","0.0025","27.3","54.6","1","1","0.6","0.2","1.4","0.6","0.6","0.2","1.4","0.6","Quick-draw, mobile backup with rewarding controlled headshots","Lower sustained body DPS and limited range"
"Pip","Pistol","Rare","Close","12","27.3","54.6","5","136.5","14","1.296","1.536","18","150","[[0,1],[18,1],[50,0.55],[100,0.25],[150,0.12]]","N/A","0","0.03","0.006","0.011","0.0025","27.3","54.6","1","1","0.6","0.2","1.4","0.6","0.6","0.2","1.4","0.6","Quick-draw, mobile backup with rewarding controlled headshots","Lower sustained body DPS and limited range"
"Pip","Pistol","Rare","Medium","40","27.3","54.6","5","94.2703","14","1.296","1.536","18","150","[[0,1],[18,1],[50,0.55],[100,0.25],[150,0.12]]","N/A","0","0.03","0.006","0.011","0.0025","18.8541","37.7081","1","1","1","0.4","2","1","1","0.4","2","1","Quick-draw, mobile backup with rewarding controlled headshots","Lower sustained body DPS and limited range"
"Pip","Pistol","Rare","Long","100","27.3","54.6","5","34.125","14","1.296","1.536","18","150","[[0,1],[18,1],[50,0.55],[100,0.25],[150,0.12]]","N/A","0","0.03","0.006","0.011","0.0025","6.825","13.65","0.9844","0.3281","4.1667","1.4","8.5333","4.1667","4.1667","4.9667","8.5333","10.1333","Quick-draw, mobile backup with rewarding controlled headshots","Lower sustained body DPS and limited range"
"Pip","Pistol","Rare","Maximum","149","27.3","54.6","5","16.7349","14","1.296","1.536","18","150","[[0,1],[18,1],[50,0.55],[100,0.25],[150,0.12]]","N/A","0","0.03","0.006","0.011","0.0025","3.347","6.694","0.7344","0.1354","8.5333","4.1667","17.2667","8.5333","10.1333","17.6667","21.8333","35.3333","Quick-draw, mobile backup with rewarding controlled headshots","Lower sustained body DPS and limited range"
"Pip","Pistol","Epic","Point blank","2","27.95","55.9","5","139.75","14","1.269","1.504","18","150","[[0,1],[18,1],[50,0.55],[100,0.25],[150,0.12]]","N/A","0","0.03","0.006","0.011","0.0025","27.95","55.9","1","1","0.6","0.2","1.4","0.6","0.6","0.2","1.4","0.6","Quick-draw, mobile backup with rewarding controlled headshots","Lower sustained body DPS and limited range"
"Pip","Pistol","Epic","Close","12","27.95","55.9","5","139.75","14","1.269","1.504","18","150","[[0,1],[18,1],[50,0.55],[100,0.25],[150,0.12]]","N/A","0","0.03","0.006","0.011","0.0025","27.95","55.9","1","1","0.6","0.2","1.4","0.6","0.6","0.2","1.4","0.6","Quick-draw, mobile backup with rewarding controlled headshots","Lower sustained body DPS and limited range"
"Pip","Pistol","Epic","Medium","40","27.95","55.9","5","96.5148","14","1.269","1.504","18","150","[[0,1],[18,1],[50,0.55],[100,0.25],[150,0.12]]","N/A","0","0.03","0.006","0.011","0.0025","19.303","38.6059","1","1","1","0.4","2","1","1","0.4","2","1","Quick-draw, mobile backup with rewarding controlled headshots","Lower sustained body DPS and limited range"
"Pip","Pistol","Epic","Long","100","27.95","55.9","5","34.9375","14","1.269","1.504","18","150","[[0,1],[18,1],[50,0.55],[100,0.25],[150,0.12]]","N/A","0","0.03","0.006","0.011","0.0025","6.9875","13.975","0.9844","0.3281","4.1333","1.4","8.2667","4.1333","4.1333","4.9333","8.4667","9.8667","Quick-draw, mobile backup with rewarding controlled headshots","Lower sustained body DPS and limited range"
"Pip","Pistol","Epic","Maximum","149","27.95","55.9","5","17.1334","14","1.269","1.504","18","150","[[0,1],[18,1],[50,0.55],[100,0.25],[150,0.12]]","N/A","0","0.03","0.006","0.011","0.0025","3.4267","6.8533","0.7344","0.1354","8.4667","4.1333","16.9333","8.4667","10.0667","17.1333","21.4667","34.4667","Quick-draw, mobile backup with rewarding controlled headshots","Lower sustained body DPS and limited range"
"Pip","Pistol","Legendary","Point blank","2","28.6","57.2","5","143","14","1.2420000000000002","1.4720000000000002","18","150","[[0,1],[18,1],[50,0.55],[100,0.25],[150,0.12]]","N/A","0","0.03","0.006","0.011","0.0025","28.6","57.2","1","1","0.6","0.2","1.2","0.6","0.6","0.2","1.2","0.6","Quick-draw, mobile backup with rewarding controlled headshots","Lower sustained body DPS and limited range"
"Pip","Pistol","Legendary","Close","12","28.6","57.2","5","143","14","1.2420000000000002","1.4720000000000002","18","150","[[0,1],[18,1],[50,0.55],[100,0.25],[150,0.12]]","N/A","0","0.03","0.006","0.011","0.0025","28.6","57.2","1","1","0.6","0.2","1.2","0.6","0.6","0.2","1.2","0.6","Quick-draw, mobile backup with rewarding controlled headshots","Lower sustained body DPS and limited range"
"Pip","Pistol","Legendary","Medium","40","28.6","57.2","5","98.7594","14","1.2420000000000002","1.4720000000000002","18","150","[[0,1],[18,1],[50,0.55],[100,0.25],[150,0.12]]","N/A","0","0.03","0.006","0.011","0.0025","19.7519","39.5038","1","1","1","0.4","2","1","1","0.4","2","1","Quick-draw, mobile backup with rewarding controlled headshots","Lower sustained body DPS and limited range"
"Pip","Pistol","Legendary","Long","100","28.6","57.2","5","35.75","14","1.2420000000000002","1.4720000000000002","18","150","[[0,1],[18,1],[50,0.55],[100,0.25],[150,0.12]]","N/A","0","0.03","0.006","0.011","0.0025","7.15","14.3","0.9844","0.3281","2.6","1.2","6.7","2.6","4.1","4.7","8.2","9.6","Quick-draw, mobile backup with rewarding controlled headshots","Lower sustained body DPS and limited range"
"Pip","Pistol","Legendary","Maximum","149","28.6","57.2","5","17.5318","14","1.2420000000000002","1.4720000000000002","18","150","[[0,1],[18,1],[50,0.55],[100,0.25],[150,0.12]]","N/A","0","0.03","0.006","0.011","0.0025","3.5064","7.0127","0.7344","0.1354","8.2","4.1","16.6","8.2","9.8","16.8","20.9","33.6","Quick-draw, mobile backup with rewarding controlled headshots","Lower sustained body DPS and limited range"
"Sentry","Repeating marksman rifle","Common","Point blank","2","39","64.35","3","117","12","2.15","2.4","60","360","[[0,1],[60,1],[150,0.85],[260,0.62],[360,0.5]]","N/A","0","0.078","0","0.014","0.0016","39","64.35","1","1","0.6667","0.3333","1.6667","1","0.6667","0.3333","1.6667","1","Reliable scoped follow-ups and distant body-shot pressure","Slower ADS and less close-range mobility than rifles"
"Sentry","Repeating marksman rifle","Common","Close","12","39","64.35","3","117","12","2.15","2.4","60","360","[[0,1],[60,1],[150,0.85],[260,0.62],[360,0.5]]","N/A","0","0.078","0","0.014","0.0016","39","64.35","1","1","0.6667","0.3333","1.6667","1","0.6667","0.3333","1.6667","1","Reliable scoped follow-ups and distant body-shot pressure","Slower ADS and less close-range mobility than rifles"
"Sentry","Repeating marksman rifle","Common","Medium","40","39","64.35","3","117","12","2.15","2.4","60","360","[[0,1],[60,1],[150,0.85],[260,0.62],[360,0.5]]","N/A","0","0.078","0","0.014","0.0016","39","64.35","1","1","0.6667","0.3333","1.6667","1","0.6667","0.3333","1.6667","1","Reliable scoped follow-ups and distant body-shot pressure","Slower ADS and less close-range mobility than rifles"
"Sentry","Repeating marksman rifle","Common","Long","100","39","64.35","3","109.2","12","2.15","2.4","60","360","[[0,1],[60,1],[150,0.85],[260,0.62],[360,0.5]]","N/A","0","0.078","0","0.014","0.0016","36.4","60.06","1","1","0.6667","0.3333","1.6667","1","0.6667","0.3333","1.6667","1","Reliable scoped follow-ups and distant body-shot pressure","Slower ADS and less close-range mobility than rifles"
"Sentry","Repeating marksman rifle","Common","Maximum","359","39","64.35","3","58.6404","12","2.15","2.4","60","360","[[0,1],[60,1],[150,0.85],[260,0.62],[360,0.5]]","N/A","0","0.078","0","0.014","0.0016","19.5468","32.2522","1","1","1.6667","1","3.3333","2","1.6667","1","3.3333","2","Reliable scoped follow-ups and distant body-shot pressure","Slower ADS and less close-range mobility than rifles"
"Sentry","Repeating marksman rifle","Uncommon","Point blank","2","39.975","65.9587","3","119.925","12","2.1069999999999998","2.352","60","360","[[0,1],[60,1],[150,0.85],[260,0.62],[360,0.5]]","N/A","0","0.078","0","0.014","0.0016","39.975","65.9587","1","1","0.6667","0.3333","1.6667","1","0.6667","0.3333","1.6667","1","Reliable scoped follow-ups and distant body-shot pressure","Slower ADS and less close-range mobility than rifles"
"Sentry","Repeating marksman rifle","Uncommon","Close","12","39.975","65.9587","3","119.925","12","2.1069999999999998","2.352","60","360","[[0,1],[60,1],[150,0.85],[260,0.62],[360,0.5]]","N/A","0","0.078","0","0.014","0.0016","39.975","65.9587","1","1","0.6667","0.3333","1.6667","1","0.6667","0.3333","1.6667","1","Reliable scoped follow-ups and distant body-shot pressure","Slower ADS and less close-range mobility than rifles"
"Sentry","Repeating marksman rifle","Uncommon","Medium","40","39.975","65.9587","3","119.925","12","2.1069999999999998","2.352","60","360","[[0,1],[60,1],[150,0.85],[260,0.62],[360,0.5]]","N/A","0","0.078","0","0.014","0.0016","39.975","65.9587","1","1","0.6667","0.3333","1.6667","1","0.6667","0.3333","1.6667","1","Reliable scoped follow-ups and distant body-shot pressure","Slower ADS and less close-range mobility than rifles"
"Sentry","Repeating marksman rifle","Uncommon","Long","100","39.975","65.9587","3","111.93","12","2.1069999999999998","2.352","60","360","[[0,1],[60,1],[150,0.85],[260,0.62],[360,0.5]]","N/A","0","0.078","0","0.014","0.0016","37.31","61.5615","1","1","0.6667","0.3333","1.6667","1","0.6667","0.3333","1.6667","1","Reliable scoped follow-ups and distant body-shot pressure","Slower ADS and less close-range mobility than rifles"
"Sentry","Repeating marksman rifle","Uncommon","Maximum","359","39.975","65.9587","3","60.1064","12","2.1069999999999998","2.352","60","360","[[0,1],[60,1],[150,0.85],[260,0.62],[360,0.5]]","N/A","0","0.078","0","0.014","0.0016","20.0355","33.0585","1","1","1.3333","1","3","2","1.3333","1","3","2","Reliable scoped follow-ups and distant body-shot pressure","Slower ADS and less close-range mobility than rifles"
"Sentry","Repeating marksman rifle","Rare","Point blank","2","40.95","67.5675","3","122.85","12","2.064","2.304","60","360","[[0,1],[60,1],[150,0.85],[260,0.62],[360,0.5]]","N/A","0","0.078","0","0.014","0.0016","40.95","67.5675","1","1","0.6667","0.3333","1.3333","0.6667","0.6667","0.3333","1.3333","0.6667","Reliable scoped follow-ups and distant body-shot pressure","Slower ADS and less close-range mobility than rifles"
"Sentry","Repeating marksman rifle","Rare","Close","12","40.95","67.5675","3","122.85","12","2.064","2.304","60","360","[[0,1],[60,1],[150,0.85],[260,0.62],[360,0.5]]","N/A","0","0.078","0","0.014","0.0016","40.95","67.5675","1","1","0.6667","0.3333","1.3333","0.6667","0.6667","0.3333","1.3333","0.6667","Reliable scoped follow-ups and distant body-shot pressure","Slower ADS and less close-range mobility than rifles"
"Sentry","Repeating marksman rifle","Rare","Medium","40","40.95","67.5675","3","122.85","12","2.064","2.304","60","360","[[0,1],[60,1],[150,0.85],[260,0.62],[360,0.5]]","N/A","0","0.078","0","0.014","0.0016","40.95","67.5675","1","1","0.6667","0.3333","1.3333","0.6667","0.6667","0.3333","1.3333","0.6667","Reliable scoped follow-ups and distant body-shot pressure","Slower ADS and less close-range mobility than rifles"
"Sentry","Repeating marksman rifle","Rare","Long","100","40.95","67.5675","3","114.66","12","2.064","2.304","60","360","[[0,1],[60,1],[150,0.85],[260,0.62],[360,0.5]]","N/A","0","0.078","0","0.014","0.0016","38.22","63.063","1","1","0.6667","0.3333","1.6667","1","0.6667","0.3333","1.6667","1","Reliable scoped follow-ups and distant body-shot pressure","Slower ADS and less close-range mobility than rifles"
"Sentry","Repeating marksman rifle","Rare","Maximum","359","40.95","67.5675","3","61.5724","12","2.064","2.304","60","360","[[0,1],[60,1],[150,0.85],[260,0.62],[360,0.5]]","N/A","0","0.078","0","0.014","0.0016","20.5241","33.8648","1","1","1.3333","0.6667","3","1.6667","1.3333","0.6667","3","1.6667","Reliable scoped follow-ups and distant body-shot pressure","Slower ADS and less close-range mobility than rifles"
"Sentry","Repeating marksman rifle","Epic","Point blank","2","41.925","69.1763","3","125.775","12","2.021","2.256","60","360","[[0,1],[60,1],[150,0.85],[260,0.62],[360,0.5]]","N/A","0","0.078","0","0.014","0.0016","41.925","69.1763","1","1","0.6667","0.3333","1.3333","0.6667","0.6667","0.3333","1.3333","0.6667","Reliable scoped follow-ups and distant body-shot pressure","Slower ADS and less close-range mobility than rifles"
"Sentry","Repeating marksman rifle","Epic","Close","12","41.925","69.1763","3","125.775","12","2.021","2.256","60","360","[[0,1],[60,1],[150,0.85],[260,0.62],[360,0.5]]","N/A","0","0.078","0","0.014","0.0016","41.925","69.1763","1","1","0.6667","0.3333","1.3333","0.6667","0.6667","0.3333","1.3333","0.6667","Reliable scoped follow-ups and distant body-shot pressure","Slower ADS and less close-range mobility than rifles"
"Sentry","Repeating marksman rifle","Epic","Medium","40","41.925","69.1763","3","125.775","12","2.021","2.256","60","360","[[0,1],[60,1],[150,0.85],[260,0.62],[360,0.5]]","N/A","0","0.078","0","0.014","0.0016","41.925","69.1763","1","1","0.6667","0.3333","1.3333","0.6667","0.6667","0.3333","1.3333","0.6667","Reliable scoped follow-ups and distant body-shot pressure","Slower ADS and less close-range mobility than rifles"
"Sentry","Repeating marksman rifle","Epic","Long","100","41.925","69.1763","3","117.39","12","2.021","2.256","60","360","[[0,1],[60,1],[150,0.85],[260,0.62],[360,0.5]]","N/A","0","0.078","0","0.014","0.0016","39.13","64.5645","1","1","0.6667","0.3333","1.6667","1","0.6667","0.3333","1.6667","1","Reliable scoped follow-ups and distant body-shot pressure","Slower ADS and less close-range mobility than rifles"
"Sentry","Repeating marksman rifle","Epic","Maximum","359","41.925","69.1763","3","63.0384","12","2.021","2.256","60","360","[[0,1],[60,1],[150,0.85],[260,0.62],[360,0.5]]","N/A","0","0.078","0","0.014","0.0016","21.0128","34.6711","1","1","1.3333","0.6667","3","1.6667","1.3333","0.6667","3","1.6667","Reliable scoped follow-ups and distant body-shot pressure","Slower ADS and less close-range mobility than rifles"
"Sentry","Repeating marksman rifle","Legendary","Point blank","2","42.9","70.785","3","128.7","12","1.978","2.208","60","360","[[0,1],[60,1],[150,0.85],[260,0.62],[360,0.5]]","N/A","0","0.078","0","0.014","0.0016","42.9","70.785","1","1","0.6667","0.3333","1.3333","0.6667","0.6667","0.3333","1.3333","0.6667","Reliable scoped follow-ups and distant body-shot pressure","Slower ADS and less close-range mobility than rifles"
"Sentry","Repeating marksman rifle","Legendary","Close","12","42.9","70.785","3","128.7","12","1.978","2.208","60","360","[[0,1],[60,1],[150,0.85],[260,0.62],[360,0.5]]","N/A","0","0.078","0","0.014","0.0016","42.9","70.785","1","1","0.6667","0.3333","1.3333","0.6667","0.6667","0.3333","1.3333","0.6667","Reliable scoped follow-ups and distant body-shot pressure","Slower ADS and less close-range mobility than rifles"
"Sentry","Repeating marksman rifle","Legendary","Medium","40","42.9","70.785","3","128.7","12","1.978","2.208","60","360","[[0,1],[60,1],[150,0.85],[260,0.62],[360,0.5]]","N/A","0","0.078","0","0.014","0.0016","42.9","70.785","1","1","0.6667","0.3333","1.3333","0.6667","0.6667","0.3333","1.3333","0.6667","Reliable scoped follow-ups and distant body-shot pressure","Slower ADS and less close-range mobility than rifles"
"Sentry","Repeating marksman rifle","Legendary","Long","100","42.9","70.785","3","120.12","12","1.978","2.208","60","360","[[0,1],[60,1],[150,0.85],[260,0.62],[360,0.5]]","N/A","0","0.078","0","0.014","0.0016","40.04","66.066","1","1","0.6667","0.3333","1.3333","1","0.6667","0.3333","1.3333","1","Reliable scoped follow-ups and distant body-shot pressure","Slower ADS and less close-range mobility than rifles"
"Sentry","Repeating marksman rifle","Legendary","Maximum","359","42.9","70.785","3","64.5044","12","1.978","2.208","60","360","[[0,1],[60,1],[150,0.85],[260,0.62],[360,0.5]]","N/A","0","0.078","0","0.014","0.0016","21.5015","35.4774","1","1","1.3333","0.6667","3","1.6667","1.3333","0.6667","3","1.6667","Reliable scoped follow-ups and distant body-shot pressure","Slower ADS and less close-range mobility than rifles"
"Breach","Tactical shotgun","Common","Point blank","2","70","94.5","2","140","8","2.55","2.9","5","45","[[0,1],[5,1],[15,0.4],[28,0.08],[45,0]]","N/A","0","0.145","0.11","0.016","0.0022","70","94.5","1","1","0.5","0.5","1","1","0.5","0.5","1","1","Forgiving follow-up shots and moving close-range fights","Lower burst/headshot ceiling and shorter full-damage range"
"Breach","Tactical shotgun","Common","Close","12","70","94.5","2","81.2","8","2.55","2.9","5","45","[[0,1],[5,1],[15,0.4],[28,0.08],[45,0]]","N/A","0","0.145","0.11","0.016","0.0022","40.6","54.81","0.4","0.1","1","0.5","2","1.5","2.5","3.5","7.9167","9.4167","Forgiving follow-up shots and moving close-range fights","Lower burst/headshot ceiling and shorter full-damage range"
"Breach","Tactical shotgun","Common","Medium","40","70","94.5","2","3.2941","8","2.55","2.9","5","45","[[0,1],[5,1],[15,0.4],[28,0.08],[45,0]]","N/A","0","0.145","0.11","0.016","0.0022","1.6471","2.2235","0.2","0.1","N/A","34.0833","N/A","N/A","N/A","N/A","N/A","N/A","Forgiving follow-up shots and moving close-range fights","Lower burst/headshot ceiling and shorter full-damage range"
"Breach","Tactical shotgun","Common","Long","100","70","94.5","2","0","8","2.55","2.9","5","45","[[0,1],[5,1],[15,0.4],[28,0.08],[45,0]]","N/A","0","0.145","0.11","0.016","0.0022","0","0","0","0","N/A","N/A","N/A","N/A","N/A","N/A","N/A","N/A","Forgiving follow-up shots and moving close-range fights","Lower burst/headshot ceiling and shorter full-damage range"
"Breach","Tactical shotgun","Common","Maximum","44","70","94.5","2","0.6588","8","2.55","2.9","5","45","[[0,1],[5,1],[15,0.4],[28,0.08],[45,0]]","N/A","0","0.145","0.11","0.016","0.0022","0.3294","0.4447","0.2","0.1","N/A","N/A","N/A","N/A","N/A","N/A","N/A","N/A","Forgiving follow-up shots and moving close-range fights","Lower burst/headshot ceiling and shorter full-damage range"
"Breach","Tactical shotgun","Uncommon","Point blank","2","71.75","96.8625","2","143.5","8","2.4989999999999997","2.842","5","45","[[0,1],[5,1],[15,0.4],[28,0.08],[45,0]]","N/A","0","0.145","0.11","0.016","0.0022","71.75","96.8625","1","1","0.5","0.5","1","1","0.5","0.5","1","1","Forgiving follow-up shots and moving close-range fights","Lower burst/headshot ceiling and shorter full-damage range"
"Breach","Tactical shotgun","Uncommon","Close","12","71.75","96.8625","2","83.23","8","2.4989999999999997","2.842","5","45","[[0,1],[5,1],[15,0.4],[28,0.08],[45,0]]","N/A","0","0.145","0.11","0.016","0.0022","41.615","56.1802","0.4","0.1","1","0.5","2","1.5","2.5","3.5","7.8667","9.3667","Forgiving follow-up shots and moving close-range fights","Lower burst/headshot ceiling and shorter full-damage range"
"Breach","Tactical shotgun","Uncommon","Medium","40","71.75","96.8625","2","3.3765","8","2.4989999999999997","2.842","5","45","[[0,1],[5,1],[15,0.4],[28,0.08],[45,0]]","N/A","0","0.145","0.11","0.016","0.0022","1.6882","2.2791","0.2","0.1","N/A","33.3333","N/A","N/A","N/A","N/A","N/A","N/A","Forgiving follow-up shots and moving close-range fights","Lower burst/headshot ceiling and shorter full-damage range"
"Breach","Tactical shotgun","Uncommon","Long","100","71.75","96.8625","2","0","8","2.4989999999999997","2.842","5","45","[[0,1],[5,1],[15,0.4],[28,0.08],[45,0]]","N/A","0","0.145","0.11","0.016","0.0022","0","0","0","0","N/A","N/A","N/A","N/A","N/A","N/A","N/A","N/A","Forgiving follow-up shots and moving close-range fights","Lower burst/headshot ceiling and shorter full-damage range"
"Breach","Tactical shotgun","Uncommon","Maximum","44","71.75","96.8625","2","0.6753","8","2.4989999999999997","2.842","5","45","[[0,1],[5,1],[15,0.4],[28,0.08],[45,0]]","N/A","0","0.145","0.11","0.016","0.0022","0.3376","0.4558","0.2","0.1","N/A","N/A","N/A","N/A","N/A","N/A","N/A","N/A","Forgiving follow-up shots and moving close-range fights","Lower burst/headshot ceiling and shorter full-damage range"
"Breach","Tactical shotgun","Rare","Point blank","2","73.5","99.225","2","147","8","2.448","2.784","5","45","[[0,1],[5,1],[15,0.4],[28,0.08],[45,0]]","N/A","0","0.145","0.11","0.016","0.0022","73.5","99.225","1","1","0.5","0.5","1","1","0.5","0.5","1","1","Forgiving follow-up shots and moving close-range fights","Lower burst/headshot ceiling and shorter full-damage range"
"Breach","Tactical shotgun","Rare","Close","12","73.5","99.225","2","85.26","8","2.448","2.784","5","45","[[0,1],[5,1],[15,0.4],[28,0.08],[45,0]]","N/A","0","0.145","0.11","0.016","0.0022","42.63","57.5505","0.4","0.1","1","0.5","2","1.5","2.5","3.5","7.3167","9.3167","Forgiving follow-up shots and moving close-range fights","Lower burst/headshot ceiling and shorter full-damage range"
"Breach","Tactical shotgun","Rare","Medium","40","73.5","99.225","2","3.4588","8","2.448","2.784","5","45","[[0,1],[5,1],[15,0.4],[28,0.08],[45,0]]","N/A","0","0.145","0.11","0.016","0.0022","1.7294","2.3347","0.2","0.1","N/A","32.5833","N/A","N/A","N/A","N/A","N/A","N/A","Forgiving follow-up shots and moving close-range fights","Lower burst/headshot ceiling and shorter full-damage range"
"Breach","Tactical shotgun","Rare","Long","100","73.5","99.225","2","0","8","2.448","2.784","5","45","[[0,1],[5,1],[15,0.4],[28,0.08],[45,0]]","N/A","0","0.145","0.11","0.016","0.0022","0","0","0","0","N/A","N/A","N/A","N/A","N/A","N/A","N/A","N/A","Forgiving follow-up shots and moving close-range fights","Lower burst/headshot ceiling and shorter full-damage range"
"Breach","Tactical shotgun","Rare","Maximum","44","73.5","99.225","2","0.6918","8","2.448","2.784","5","45","[[0,1],[5,1],[15,0.4],[28,0.08],[45,0]]","N/A","0","0.145","0.11","0.016","0.0022","0.3459","0.4669","0.2","0.1","N/A","N/A","N/A","N/A","N/A","N/A","N/A","N/A","Forgiving follow-up shots and moving close-range fights","Lower burst/headshot ceiling and shorter full-damage range"
"Breach","Tactical shotgun","Epic","Point blank","2","75.25","101.5875","2","150.5","8","2.397","2.726","5","45","[[0,1],[5,1],[15,0.4],[28,0.08],[45,0]]","N/A","0","0.145","0.11","0.016","0.0022","75.25","101.5875","1","1","0.5","0","1","0.5","0.5","0","1","0.5","Forgiving follow-up shots and moving close-range fights","Lower burst/headshot ceiling and shorter full-damage range"
"Breach","Tactical shotgun","Epic","Close","12","75.25","101.5875","2","87.29","8","2.397","2.726","5","45","[[0,1],[5,1],[15,0.4],[28,0.08],[45,0]]","N/A","0","0.145","0.11","0.016","0.0022","43.645","58.9208","0.4","0.1","1","0.5","2","1.5","2.5","3","7.25","8.75","Forgiving follow-up shots and moving close-range fights","Lower burst/headshot ceiling and shorter full-damage range"
"Breach","Tactical shotgun","Epic","Medium","40","75.25","101.5875","2","3.5412","8","2.397","2.726","5","45","[[0,1],[5,1],[15,0.4],[28,0.08],[45,0]]","N/A","0","0.145","0.11","0.016","0.0022","1.7706","2.3903","0.2","0.1","N/A","31.75","N/A","N/A","N/A","N/A","N/A","N/A","Forgiving follow-up shots and moving close-range fights","Lower burst/headshot ceiling and shorter full-damage range"
"Breach","Tactical shotgun","Epic","Long","100","75.25","101.5875","2","0","8","2.397","2.726","5","45","[[0,1],[5,1],[15,0.4],[28,0.08],[45,0]]","N/A","0","0.145","0.11","0.016","0.0022","0","0","0","0","N/A","N/A","N/A","N/A","N/A","N/A","N/A","N/A","Forgiving follow-up shots and moving close-range fights","Lower burst/headshot ceiling and shorter full-damage range"
"Breach","Tactical shotgun","Epic","Maximum","44","75.25","101.5875","2","0.7082","8","2.397","2.726","5","45","[[0,1],[5,1],[15,0.4],[28,0.08],[45,0]]","N/A","0","0.145","0.11","0.016","0.0022","0.3541","0.4781","0.2","0.1","N/A","N/A","N/A","N/A","N/A","N/A","N/A","N/A","Forgiving follow-up shots and moving close-range fights","Lower burst/headshot ceiling and shorter full-damage range"
"Breach","Tactical shotgun","Legendary","Point blank","2","77","103.95","2","154","8","2.346","2.668","5","45","[[0,1],[5,1],[15,0.4],[28,0.08],[45,0]]","N/A","0","0.145","0.11","0.016","0.0022","77","103.95","1","1","0.5","0","1","0.5","0.5","0","1","0.5","Forgiving follow-up shots and moving close-range fights","Lower burst/headshot ceiling and shorter full-damage range"
"Breach","Tactical shotgun","Legendary","Close","12","77","103.95","2","89.32","8","2.346","2.668","5","45","[[0,1],[5,1],[15,0.4],[28,0.08],[45,0]]","N/A","0","0.145","0.11","0.016","0.0022","44.66","60.291","0.4","0.1","1","0.5","2","1.5","2.5","3","7.2","8.7","Forgiving follow-up shots and moving close-range fights","Lower burst/headshot ceiling and shorter full-damage range"
"Breach","Tactical shotgun","Legendary","Medium","40","77","103.95","2","3.6235","8","2.346","2.668","5","45","[[0,1],[5,1],[15,0.4],[28,0.08],[45,0]]","N/A","0","0.145","0.11","0.016","0.0022","1.8118","2.4459","0.2","0.1","40.7","31","N/A","N/A","N/A","N/A","N/A","N/A","Forgiving follow-up shots and moving close-range fights","Lower burst/headshot ceiling and shorter full-damage range"
"Breach","Tactical shotgun","Legendary","Long","100","77","103.95","2","0","8","2.346","2.668","5","45","[[0,1],[5,1],[15,0.4],[28,0.08],[45,0]]","N/A","0","0.145","0.11","0.016","0.0022","0","0","0","0","N/A","N/A","N/A","N/A","N/A","N/A","N/A","N/A","Forgiving follow-up shots and moving close-range fights","Lower burst/headshot ceiling and shorter full-damage range"
"Breach","Tactical shotgun","Legendary","Maximum","44","77","103.95","2","0.7247","8","2.346","2.668","5","45","[[0,1],[5,1],[15,0.4],[28,0.08],[45,0]]","N/A","0","0.145","0.11","0.016","0.0022","0.3624","0.4892","0.2","0.1","N/A","N/A","N/A","N/A","N/A","N/A","N/A","N/A","Forgiving follow-up shots and moving close-range fights","Lower burst/headshot ceiling and shorter full-damage range"
"Comet","Precision carbine","Common","Point blank","2","27","44.55","5","135","24","1.85","2.15","48","320","[[0,1],[48,1],[120,0.8],[240,0.65],[320,0.55]]","N/A","0","0.023","0.003","0.006","0.001","27","44.55","1","1","0.6","0.4","1.4","0.8","0.6","0.4","1.4","0.8","Low-recoil, controlled medium-to-long-range rifle fire","Lower close-range pressure and smaller magazine than Sprinter"
"Comet","Precision carbine","Common","Close","12","27","44.55","5","135","24","1.85","2.15","48","320","[[0,1],[48,1],[120,0.8],[240,0.65],[320,0.55]]","N/A","0","0.023","0.003","0.006","0.001","27","44.55","1","1","0.6","0.4","1.4","0.8","0.6","0.4","1.4","0.8","Low-recoil, controlled medium-to-long-range rifle fire","Lower close-range pressure and smaller magazine than Sprinter"
"Comet","Precision carbine","Common","Medium","40","27","44.55","5","135","24","1.85","2.15","48","320","[[0,1],[48,1],[120,0.8],[240,0.65],[320,0.55]]","N/A","0","0.023","0.003","0.006","0.001","27","44.55","1","1","0.6","0.4","1.4","0.8","0.6","0.4","1.4","0.8","Low-recoil, controlled medium-to-long-range rifle fire","Lower close-range pressure and smaller magazine than Sprinter"
"Comet","Precision carbine","Common","Long","100","27","44.55","5","115.5","24","1.85","2.15","48","320","[[0,1],[48,1],[120,0.8],[240,0.65],[320,0.55]]","N/A","0","0.023","0.003","0.006","0.001","23.1","38.115","1","1","0.8","0.4","1.6","1","0.8","0.4","1.6","1","Low-recoil, controlled medium-to-long-range rifle fire","Lower close-range pressure and smaller magazine than Sprinter"
"Comet","Precision carbine","Common","Maximum","319","27","44.55","5","74.4188","24","1.85","2.15","48","320","[[0,1],[48,1],[120,0.8],[240,0.65],[320,0.55]]","N/A","0","0.023","0.003","0.006","0.001","14.8838","24.5582","0.6927","0.125","1.2","0.8","2.6","1.6","1.8","3","3.6","7.9667","Low-recoil, controlled medium-to-long-range rifle fire","Lower close-range pressure and smaller magazine than Sprinter"
"Comet","Precision carbine","Uncommon","Point blank","2","27.675","45.6637","5","138.375","24","1.813","2.1069999999999998","48","320","[[0,1],[48,1],[120,0.8],[240,0.65],[320,0.55]]","N/A","0","0.023","0.003","0.006","0.001","27.675","45.6637","1","1","0.6","0.4","1.4","0.8","0.6","0.4","1.4","0.8","Low-recoil, controlled medium-to-long-range rifle fire","Lower close-range pressure and smaller magazine than Sprinter"
"Comet","Precision carbine","Uncommon","Close","12","27.675","45.6637","5","138.375","24","1.813","2.1069999999999998","48","320","[[0,1],[48,1],[120,0.8],[240,0.65],[320,0.55]]","N/A","0","0.023","0.003","0.006","0.001","27.675","45.6637","1","1","0.6","0.4","1.4","0.8","0.6","0.4","1.4","0.8","Low-recoil, controlled medium-to-long-range rifle fire","Lower close-range pressure and smaller magazine than Sprinter"
"Comet","Precision carbine","Uncommon","Medium","40","27.675","45.6637","5","138.375","24","1.813","2.1069999999999998","48","320","[[0,1],[48,1],[120,0.8],[240,0.65],[320,0.55]]","N/A","0","0.023","0.003","0.006","0.001","27.675","45.6637","1","1","0.6","0.4","1.4","0.8","0.6","0.4","1.4","0.8","Low-recoil, controlled medium-to-long-range rifle fire","Lower close-range pressure and smaller magazine than Sprinter"
"Comet","Precision carbine","Uncommon","Long","100","27.675","45.6637","5","118.3875","24","1.813","2.1069999999999998","48","320","[[0,1],[48,1],[120,0.8],[240,0.65],[320,0.55]]","N/A","0","0.023","0.003","0.006","0.001","23.6775","39.0679","1","1","0.8","0.4","1.6","1","0.8","0.4","1.6","1","Low-recoil, controlled medium-to-long-range rifle fire","Lower close-range pressure and smaller magazine than Sprinter"
"Comet","Precision carbine","Uncommon","Maximum","319","27.675","45.6637","5","76.2792","24","1.813","2.1069999999999998","48","320","[[0,1],[48,1],[120,0.8],[240,0.65],[320,0.55]]","N/A","0","0.023","0.003","0.006","0.001","15.2558","25.1721","0.6927","0.125","1.2","0.6","2.6","1.4","1.6","2.8","3.4","7.7333","Low-recoil, controlled medium-to-long-range rifle fire","Lower close-range pressure and smaller magazine than Sprinter"
"Comet","Precision carbine","Rare","Point blank","2","28.35","46.7775","5","141.75","24","1.776","2.064","48","320","[[0,1],[48,1],[120,0.8],[240,0.65],[320,0.55]]","N/A","0","0.023","0.003","0.006","0.001","28.35","46.7775","1","1","0.6","0.4","1.4","0.8","0.6","0.4","1.4","0.8","Low-recoil, controlled medium-to-long-range rifle fire","Lower close-range pressure and smaller magazine than Sprinter"
"Comet","Precision carbine","Rare","Close","12","28.35","46.7775","5","141.75","24","1.776","2.064","48","320","[[0,1],[48,1],[120,0.8],[240,0.65],[320,0.55]]","N/A","0","0.023","0.003","0.006","0.001","28.35","46.7775","1","1","0.6","0.4","1.4","0.8","0.6","0.4","1.4","0.8","Low-recoil, controlled medium-to-long-range rifle fire","Lower close-range pressure and smaller magazine than Sprinter"
"Comet","Precision carbine","Rare","Medium","40","28.35","46.7775","5","141.75","24","1.776","2.064","48","320","[[0,1],[48,1],[120,0.8],[240,0.65],[320,0.55]]","N/A","0","0.023","0.003","0.006","0.001","28.35","46.7775","1","1","0.6","0.4","1.4","0.8","0.6","0.4","1.4","0.8","Low-recoil, controlled medium-to-long-range rifle fire","Lower close-range pressure and smaller magazine than Sprinter"
"Comet","Precision carbine","Rare","Long","100","28.35","46.7775","5","121.275","24","1.776","2.064","48","320","[[0,1],[48,1],[120,0.8],[240,0.65],[320,0.55]]","N/A","0","0.023","0.003","0.006","0.001","24.255","40.0208","1","1","0.8","0.4","1.6","0.8","0.8","0.4","1.6","0.8","Low-recoil, controlled medium-to-long-range rifle fire","Lower close-range pressure and smaller magazine than Sprinter"
"Comet","Precision carbine","Rare","Maximum","319","28.35","46.7775","5","78.1397","24","1.776","2.064","48","320","[[0,1],[48,1],[120,0.8],[240,0.65],[320,0.55]]","N/A","0","0.023","0.003","0.006","0.001","15.6279","25.7861","0.6927","0.125","1.2","0.6","2.4","1.4","1.6","2.8","3.4","7.6833","Low-recoil, controlled medium-to-long-range rifle fire","Lower close-range pressure and smaller magazine than Sprinter"
"Comet","Precision carbine","Epic","Point blank","2","29.025","47.8912","5","145.125","24","1.7389999999999999","2.021","48","320","[[0,1],[48,1],[120,0.8],[240,0.65],[320,0.55]]","N/A","0","0.023","0.003","0.006","0.001","29.025","47.8912","1","1","0.6","0.4","1.2","0.8","0.6","0.4","1.2","0.8","Low-recoil, controlled medium-to-long-range rifle fire","Lower close-range pressure and smaller magazine than Sprinter"
"Comet","Precision carbine","Epic","Close","12","29.025","47.8912","5","145.125","24","1.7389999999999999","2.021","48","320","[[0,1],[48,1],[120,0.8],[240,0.65],[320,0.55]]","N/A","0","0.023","0.003","0.006","0.001","29.025","47.8912","1","1","0.6","0.4","1.2","0.8","0.6","0.4","1.2","0.8","Low-recoil, controlled medium-to-long-range rifle fire","Lower close-range pressure and smaller magazine than Sprinter"
"Comet","Precision carbine","Epic","Medium","40","29.025","47.8912","5","145.125","24","1.7389999999999999","2.021","48","320","[[0,1],[48,1],[120,0.8],[240,0.65],[320,0.55]]","N/A","0","0.023","0.003","0.006","0.001","29.025","47.8912","1","1","0.6","0.4","1.2","0.8","0.6","0.4","1.2","0.8","Low-recoil, controlled medium-to-long-range rifle fire","Lower close-range pressure and smaller magazine than Sprinter"
"Comet","Precision carbine","Epic","Long","100","29.025","47.8912","5","124.1625","24","1.7389999999999999","2.021","48","320","[[0,1],[48,1],[120,0.8],[240,0.65],[320,0.55]]","N/A","0","0.023","0.003","0.006","0.001","24.8325","40.9736","1","1","0.8","0.4","1.6","0.8","0.8","0.4","1.6","0.8","Low-recoil, controlled medium-to-long-range rifle fire","Lower close-range pressure and smaller magazine than Sprinter"
"Comet","Precision carbine","Epic","Maximum","319","29.025","47.8912","5","80.0002","24","1.7389999999999999","2.021","48","320","[[0,1],[48,1],[120,0.8],[240,0.65],[320,0.55]]","N/A","0","0.023","0.003","0.006","0.001","16","26.4001","0.6927","0.125","1.2","0.6","2.4","1.4","1.6","2.8","3.2","7.45","Low-recoil, controlled medium-to-long-range rifle fire","Lower close-range pressure and smaller magazine than Sprinter"
"Comet","Precision carbine","Legendary","Point blank","2","29.7","49.005","5","148.5","24","1.7020000000000002","1.978","48","320","[[0,1],[48,1],[120,0.8],[240,0.65],[320,0.55]]","N/A","0","0.023","0.003","0.006","0.001","29.7","49.005","1","1","0.6","0.4","1.2","0.8","0.6","0.4","1.2","0.8","Low-recoil, controlled medium-to-long-range rifle fire","Lower close-range pressure and smaller magazine than Sprinter"
"Comet","Precision carbine","Legendary","Close","12","29.7","49.005","5","148.5","24","1.7020000000000002","1.978","48","320","[[0,1],[48,1],[120,0.8],[240,0.65],[320,0.55]]","N/A","0","0.023","0.003","0.006","0.001","29.7","49.005","1","1","0.6","0.4","1.2","0.8","0.6","0.4","1.2","0.8","Low-recoil, controlled medium-to-long-range rifle fire","Lower close-range pressure and smaller magazine than Sprinter"
"Comet","Precision carbine","Legendary","Medium","40","29.7","49.005","5","148.5","24","1.7020000000000002","1.978","48","320","[[0,1],[48,1],[120,0.8],[240,0.65],[320,0.55]]","N/A","0","0.023","0.003","0.006","0.001","29.7","49.005","1","1","0.6","0.4","1.2","0.8","0.6","0.4","1.2","0.8","Low-recoil, controlled medium-to-long-range rifle fire","Lower close-range pressure and smaller magazine than Sprinter"
"Comet","Precision carbine","Legendary","Long","100","29.7","49.005","5","127.05","24","1.7020000000000002","1.978","48","320","[[0,1],[48,1],[120,0.8],[240,0.65],[320,0.55]]","N/A","0","0.023","0.003","0.006","0.001","25.41","41.9265","1","1","0.6","0.4","1.4","0.8","0.6","0.4","1.4","0.8","Low-recoil, controlled medium-to-long-range rifle fire","Lower close-range pressure and smaller magazine than Sprinter"
"Comet","Precision carbine","Legendary","Maximum","319","29.7","49.005","5","81.8606","24","1.7020000000000002","1.978","48","320","[[0,1],[48,1],[120,0.8],[240,0.65],[320,0.55]]","N/A","0","0.023","0.003","0.006","0.001","16.3721","27.014","0.6927","0.125","1.2","0.6","2.4","1.4","1.6","2.6","3.2","7.2","Low-recoil, controlled medium-to-long-range rifle fire","Lower close-range pressure and smaller magazine than Sprinter"
